,name,tel,address
0,흥덕지구점,031-212-9293,"경기도 용인시 기흥구  흥덕1로 79번길 9, 105호"
1,후곡점,031-913-9289,경기도 고양시 일산서구  일산로 576
2,효자중화산2호점,063-223-9492,"전라북도 전주시 완산구  용머리로 101 상가2동 지1층 201호, 202호"
3,효자중화산1호점,063-232-8294,전라북도 전주시완산구  효동3길 24  1층 (효자동1가)
4,효성2동점,032-547-8294,인천광역시 계양구 마장로 549 1층 107호 (효성동)
5,회덕점,031-797-9293,경기도 광주시  이배재로 108
6,황상인의점,054-473-9482,경상북도 구미시  여현로 80
7,화천점,033-442-9994,강원도 화천군 화천읍 중앙로 37번지
8,화정1동점,031-967-9592,경기도 고양시 덕양구  은빛로29번길 15-4
9,화양점,02-461-9993,"서울특별시 광진구   능동로19길 53, 1층"
10,화성마도점,031-356-5708,경기도 화성시 마도면 두곡서길 35 1층
11,화성남양점,031-356-9207,"경기도 화성시 남양읍 역골동로 20-10,1층"
12,화서1동점,031-248-6999,경기도 수원시 팔달구 화서동 219-1번지 101호
13,화북삼양점,064-759-9282,제주도 제주시  진동로1길 13
14,화곡본동점,02-2601-8292,서울특별시 강서구 화곡동 29-27
15,화곡4동점,02-2643-9294,서울특별시 강서구 화곡4동 827-8번지
16,화곡1동점,02-2694-9294,서울특별시 강서구  곰달래로 19길 46 1층
17,홍천점,033-436-9292,강원도 홍천군 홍천읍 연봉리 502-5번지
18,홍제2호점,02-720-9492,"서울특별시 서대문구  문화촌길 34, 아동 지층 1호"
19,홍제1호점,02-732-9595,서울특별시 서대문구 홍제동 155-6번지
20,홍은2동점,02-395-9293,"서울특별시 서대문구  백련사길 6, 1층(홍은동)"
21,홍성읍점,041-631-9255,충청남도 홍성군 홍성읍 문화로 33번길 10
22,홍농읍점,061-356-9004,"전라남도 영광군 홍농읍 상하길 33, 102호"
23,호평점,031-592-9392,"경기도 남양주시 호평로69번길 3-1,1층 (호평동)"
24,호원1호점,031-875-0006,"경기도 의정부시 호원동 419 상가동 1층 104,105호(현대아파트)"
25,호수동점,031-410-9475,"경기도 안산시 단원구  광덕2로 194-8,108호"
26,호매실점,031-292-8294,"경기도 수원시 권선구  서수원로523번길 30-35, 101호"
27,호계점,031-452-9292,"경기도  안양시 동안구  엘에스로 45, 1층 117호(호계동, 대영골든타워)"
28,현풍점,053-617-9492,대구광역시 달성군 현풍면 현풍중앙로14길 85
29,헬리오시티점,02-422-9294,"서울특별시 송파구  송파대로37길 88, 2층(석촌동)"
30,향동점,02-3159-9494,"경기도 고양시 덕양구  꽃내음2길 50-7 , 1층 일부호 (향동동)"
31,향남지구점,031-359-9282,"경기도 화성시 향남읍 행정서로3길 4-16, 102호"
32,향남2지구점,031-352-4837,"경기도 화성시 향남읍 상신하길로298번길 7-27, 111호"
33,행신2호점,031-972-9294,"경기도 고양시 덕양구  중앙로 478, 109호"
34,행당점,02-2294-9294,서울특별시 성동구  행당로 79
35,해운대중동점,051-701-9235,"부산광역시 해운대구  달맞이길65번길 15, 103호"
36,해남점,061-537-9494,전라남도 해남군 해남읍 법원길4
37,함열점,063-862-9994,전라북도 익산시 함열읍 함열1길 28
38,함안칠원점,055-587-9030,경상남도 함안군 칠원읍 구성길 43
39,함안가야점,055-583-9282,경상남도 함안군 가야읍 가야로 135
40,함덕점,064-782-5469,"제주특별자치도 제주시 조천읍 조함해안로 434, 2층"
41,한성대점,02-762-9294,"서울특별시 성북구  삼선교로2길 3,  1층(삼선동1가)"
42,한라초점,064-745-9245,"제주특별자치도 제주시  연화로3길 3-1, 1층(연동)"
43,한남대점,042-638-9492,대전광역시 동구 계족로443번길 70 1층 (용전동)
44,학익점,032-873-9922,"인천광역시 미추홀구 소성로 168, 1층"
45,학동사거리점,02-518-9492,"서울특별시 강남구  도산대로50길 21,  101호(논현동)"
46,하월곡점,02-941-9282,서울특별시 성북구 오패산로3길 122
47,"하안3,4동점",02-893-9282,경기도 광명시  하안로 254
48,하복대점,043-236-5594,충청북도 청주시 흥덕구  죽천로 120
49,하당지구점,061-285-9294,전라남도 목포시  옥암로96번길 14
50,하늘도시1호점,032-746-9492,"인천광역시 중구  하늘달빛로 64번길 6-3, 스카이프자라 105호"
51,하남풍산점,031-792-9290,"경기도 하남시 덕풍동로 111-10 트윈렉스1 113,114호	"
52,하남신장점,031-791-9492,경기도 하남시  신평로61번길 18
53,풍향산수점,062-269-9492,광주광역시 북구 풍향동 579-5번지
54,풍덕천1동점,031-262-9294,"경기도 용인시 수지구  수지로342번길 42, 1층(풍덕천동)"
55,풍납1호점,02-474-8292,서울특별시 송파구  풍성로24길 40
56,풍기점,054-637-9294/054-638-9294,경상북도 영주시 풍기읍 기주로 89
57,표선점,064-787-8295/064-787-8990,제주도 서귀포시 표선면 표선중앙로 106
58,포항흥해점,054-262-8294,경상북도 포항시 북구 흥해읍 한동로 40번길 20
59,포항효곡점,054-282-9294,"경상북도 포항시 남구  효자동길 10번길 27, 1층"
60,포항죽도점,054-277-8294,"경상북도 포항시 북구  죽파로 24, 1층"
61,포항오천점,054-292-9294,경상북도  포항시 남구 오천읍 냉천로340번길 16
62,포항양포점,054-276-9492,경상북도 포항시 남구  동해안로3268
63,포항양덕점,054-244-9494,경상북도 포항시 북구 천마로 103 1층(양덕동)
64,포항두호우현점,054-254-9294,"경상북도 포항시 북구  새천년대로 1020길 12, 213동 106호"
65,포항동해점,054-283-9294,"경상북도 포항시 남구 동해면 일월로 100, 1층"
66,포항대이양학점,054-282-9559,"경상북도 포항시 북구  이동로 48-1, 205호"
67,포천점,031-536-9288,경기도 포천시  원앙로 18-2
68,포천일동점,031-532-9492,경기도 포천시 일동면 기산6리 91-36
69,포천운천점,031-534-9493,경기도 포천시 영북면 운천로 6-1
70,평택포승점,031-684-9404,경기도 평택시 포승읍 도곡리 1141-17
71,평택팽성점,031-656-8294,"경기도 평택시 팽성읍 송화택지로 72, A 1층"
72,평택안중점,031-682-9492,"경기도 평택시 안중읍 안중로8번길64,1층"
73,평촌스마트점,031-423-9992,경기도 안양시 동안구  시민대로327번길 7
74,평창장평점,033-332-4509,"강원도 평창군 용평면 금송1길 49, 1층"
75,평내점,031-594-9492,경기도 남양주시  경춘로1286번안길 4-2
76,파주교하점,031-949-9484,경기도 파주시  책향기로 369
77,파장점,031-268-9492,"경기도 수원시 장안구  파장로 67, 1층 101호(정자동)"
78,퇴계원점,031-529-9973,"경기도 남양주시 퇴계원면 퇴계원로 94, 1층(퇴계원리 95)"
79,통진점,031-989-0290,경기도 김포시 통진읍 서암리 1113 서암주공아파트 제상가동 101호
80,통영죽림점,055-645-9294,경남 통영시 광도면 죽림3로 43-16
81,통영도남미수점,055-648-9294,경상남도 통영시 해평1길 6-4  (봉평동)
82,"태평2,4동점",031-755-9492,"경기도 성남시 수정구  탄리로 96번길 20, 102호"
83,태장우산점,033-747-9492,"강원도 원주시 북원로2718번길 2, 1층(태장동)"
84,태백점,033-553-9482/033-553-9488,강원도 태백시  상장남길 67
85,탄현점,031-912-9492,경기도 고양시 일산구 현중로 26번길 81
86,칠성고성점,053-354-9494,대구광역시 북구  호암로 30 1층 102호(칠성동2가)
87,칠금문화점,043-856-8294,충청북도 충주시  칠금3길 16-1
88,칠곡왜관점,054-972-9294,경상북도 칠곡군 왜관읍 2번도로길 64
89,충효탑정점,054-772-8294,"경상북도 경주시  충효녹지길 6-17, 1층"
90,충주호암용산점,043-855-9599,충청북도 충주시 호암동 133-10번지 102호
91,충장서남점,062-226-9282,광주광역시 동구  백서로 125번길 28-1
92,충북증평읍점,043-838-9482,충청북도 증평군 증평읍 초중로 45
93,충북제천1호점,043-652-9289,충청북도 제천시  의림대로 190
94,충북옥천점,043-731-9279,충청북도 옥천군 옥천읍 양수로 30-2
95,충북옥산점,043-263-9966/043-275-9494,충청북도 청주시 흥덕구 옥산면 가락길32
96,충북오창점,043-217-9289,"충청북도 청원군 오창읍 구룡4길6,101호"
97,충북괴산점,043-833-9495/043-833-9497,충청북도 괴산군 괴산읍 읍내로13길 21
98,충무로점,02-2268-9295,서울특별시 중구 충무로4가 120-3 진양상가 2층
99,충무공점,055-761-9248,"경상남도 진주시  범골로60번길 12, 준스타워 1동 107호"
100,충남합덕점,041-363-9272,충청남도 당진시 합덕읍 미락4길 33
101,충남태안점,041-674-9252,충청남도 태안군 태안읍 동문리 터널길 25
102,충남당진점,041-352-9294/041-353-9294,충청남도 당진시  읍내동 1096
103,충남논산점,041-733-9282,충청남도 논산시  내동 1169번지 101호
104,춘천후평점,033-253-9952,"강원도 춘천시  부평길 8, 1층 우측"
105,춘천효자점,033-257-8892,강원도 춘천시 서부대성로 180-1 1층 (효자동)
106,춘천소양점,033-243-8892,강원도 춘천시  서부대성로47번길 4 1층 (요선동)
107,춘천석사점,033-263-9582,강원도 춘천시 석사동 642번지
108,초월점,031-765-9492,"경기도 광주시 초월읍 경충대로1127번길 55, E편한세상 B-106호"
109,청파점,02-712-9892,서울특별시 용산구  청파로47길 17 지층 1층
110,청천2동점,032-522-9482,"인천광역시 부평구  평천로 158, 102호(청천동, 럭스96)"
111,청주용암점,043-297-9289,충청북도 청주시 상당구 용암동 2183번지
112,청주분평점,043-295-9277,"충청북도 청주시 서원구  청남로 1994 , 1층 (분평동)"
113,청주봉명점,043-272-9294,"충청북도 청주시 흥덕구  덕암로 108번길 61 , 102호(봉명동)"
114,청주동남지구점,043-286-0902,"충청북도 청주시 상당구  중고개로 104,  상가2동 103호(용암동, 칸타빌 더 테라스 2단지)"
115,청주금천점,043-223-9989,충청북도 청주시 상당구  중고개로 273번길 64
116,청주강서지구점,043-239-8292,충청북도 청주시 흥덕구  서현북로 24
117,청주가경점,043-236-9294,"충청북도 청주시 흥덕구  경산로 28, 1층(가경동)"
118,청북점,031-684-9004,경기도 평택시 청북읍 옥길리 1165-5
119,청룡점,02-886-9294,"서울특별시 관악구  쑥고개로 89, 1층"
120,청라2호점,032-565-9298,인천광역시 서구 경서동 981-93 1층 101호
121,청라1호점,032-568-9233,"인천광역시 서구 청라라임로100, 104"
122,청담점,02-541-9294,서울특별시 강남구 청담동 35-1 1층
123,첨단2호점,062-576-9233,"광주광역시 북구  첨단연신로91번길 44, 대성빌딩 112호"
124,철산1.2동점,02-2682-9294,"경기도 광명시  시청로 33, 101호, 102호(철산동)"
125,천호3동점,02-486-9492,"서울특별시 강동구  구천면로 238, 103호"
126,천호1동점,02-488-9492,서울특별시 강동구 천호1동 224-50번지
127,천안청수점,041-566-8294,충청남도 천안시 동남구 청수6로105 (청수동)
128,천안차암점,041-554-9492/041-554-9491,충청남도 천안시 서북구 차암동 435-1힐링제이타워 1층 115호
129,천안직산점,041-583-9482,"충청남도 천안시 서북구 직산읍 삼은3길 38, 102호"
130,천안용곡점,041-592-8292,충청남도 천안시 동남구  새말1길 47
131,천안쌍용점,041-573-5959,충청남도 천안시 서북구 쌍용13길 13-2 (쌍용동)
132,천안신부점,041-555-9492,충청남도 천안시 동남구 신부동 319-37
133,천안성환점,041-587-9595,충청남도 천안시 서북구  성환3로 38 1층
134,천안성정점,041-578-9294,충청남도  천안시 서북구  서부19길 4 1층 (성정동)
135,천안성성점,041-556-9482,충청남도 천안시 서북구  성성2길 54-1
136,천안불당점,041-577-9492,"충청남도 천안시 서북구 불당25로142, 골든프라자 102, 103호 (불당동)"
137,천안백석점,041-557-9492,"충청남도  천안시 서북구   백석4길 31, 108호"
138,천안두정점,041-563-9494,"충청남도 천안시 서북구  두정고3길 8, 1층(두정동)"
139,창현점,031-559-9285,경기도 남양주시 화도읍 경춘로창벌1길 19
140,창원팔용점,055-253-9492,경상남도 창원시 의창구 팔용동 183-9번지
141,창원중앙점,055-285-9282,"경상남도 창원시 성산구  용지로121번길 15, 1층"
142,창원소답점,055-251-8294,"경상남도 창원시 의창구  읍성로89번길 2, 1층 101호"
143,창원봉곡사림점,055-266-9492,경상남도 창원시 의창구  사림로 53
144,창원반송점,055-261-9294,"경상남도 창원시 성산구  원이대로393번길 17 ,  1층 2호(반지동)"
145,창원명서도계점,055-276-9294,경상남도 창원시 의창구  도계동396-7 1층
146,창원동읍점,055-252-9282,경상남도 창원시 의창구 동읍 용정길32번길 16
147,창원대방점,055-283-9494,"경상남도 창원시 성산구  창이대로901번길 30 , 8동 1층 120호(대방동, 대방그린빌아파트)"
148,창원감계점,055-255-0770,"경상남도 창원시 의창구 북면 감계로 266, 204호"
149,창녕읍점,055-533-9492,경상남도 창녕군 창녕읍  명덕로 6-1
150,창5동점,02-998-2292,"서울시 도봉구  노해로61길 4,  지층 비101호(창동, 리솜하우스)"
151,창4동점,02-902-9289,"서울특별시 도봉구  노해로70길 46, 125호(창동, 19단지종합상가)"
152,창2동점,02-997-0092,"서울특별시 도봉구  도봉로 110다길 51,  태영 창동데시앙 아파트상가 109호"
153,진해웅천점,055-542-9999,경상남도 진해시 성내동 359-1번지
154,진해용원웅동점,055-552-8595,경상남도 진해시 안골동 376-3
155,진해석동풍호점,055-544-9494,"경상남도 창원시 진해구  냉천로 88, 103호"
156,진천읍점,043-533-9492,충청북도 진천군 진천읍 중앙동로 132
157,진주하대초장점,055-759-9285,경상남도 진주시  하대로 116
158,진주칠암망경점,055-762-9285,경상남도 진주시  진주대로 849-10
159,진주신안평거점,055-748-9492/055-637-8607,경상남도 진주시 신평공원길 25번길 12-13
160,진주상봉봉안점,055-743-8294,경상남도 진주시  진주성로 103
161,진주상대점,055-758-9282,경상남도 진주시 돗골로 126-1 1층 (상대동)
162,진주금산점,055-761-9474,경상남도 진주시 금산면 중천로 74
163,진주가호점,055-752-9444,경상남도 진주시  진주대로 568번길 8
164,진접지구점,031-529-9482,경기도 남양주시 진접읍 해밀예당2로 117
165,진안점,031-222-9234,"경기도  화성시  병점동로 126, 1층 101,102호"
166,진부점,033-336-7889,강원도 평창군 진부면 진부중앙로 53
167,진도점,061-544-9480/061-544-9433,전라남도 진도군 진도읍 쌍정리 257-20
168,지행1호점,031-867-9292,경기도 동두천시  생연로9번길 23
169,지세포점,055-681-9422,경상남도 거제시 일운면 거제대로 2471
170,지산신장점,031-666-5959,경기도 평택시  송탄공원로73 (지산동)
171,중화1호점,02-492-8294,서울특별시 중랑구 중화1동 295-22
172,중촌목동점,042-222-9295,대전광역시 중구  중촌로24번길 23. 1층
173,중앙반월점,055-222-9296,"경상남도 창원시 마산합포   3.15대로 77, 105호"
174,중앙고잔점,031-414-9294,"경기도 안산시 단원구  당곡로 33,  104호(고잔동, 안산프라움씨티오피스텔)"
175,중산점,031-975-9291,"경기도 고양시 일산동구  탄중로431번길 32, 1층 1호"
176,중동2호점,032-329-9994/032-329-9996,경기도 부천시 원미구 중동 1058-1
177,중동1호점,032-321-2330,"경기도 부천시  중동로248번길 55 (중동, 무광프라자 109호)"
178,중곡4동점,02-452-9998,"서울특별시 광진구  영화사로 47, 1층(중곡동, 박빌딩)"
179,중곡1동점,02-499-9294,서울특별시 광진구  능동로 339
180,중계1동점,02-936-9492,"서울특별시 노원구  덕릉로 591,  1층 102호(중계동, 금화빌딩)"
181,죽전단국대점,031-897-9494,"경기도 용인시 수지구  죽전로 164, 1층 102호(죽전동, 화이트존)"
182,주엽2동점,031-918-9291,"경기도 고양시 일산서구  중앙로 1471, 105호"
183,주안3호점,032-872-9294,인천광역시 남구  미추홀대로 591
184,주안2호점,032-866-0444,인천광역시 미추홀구  석정로 379
185,주문진읍점,033-662-3920,강원도 강릉시 주문진읍 항구로41-1 1층
186,좌4동점,051-702-9482,"부산광역시 해운대구  세실로 174(좌동, 삼성아파트 분산상가 103호)"
187,"좌1,3동점",051-747-9266/051-704-9201,"부산광역시 해운대구  대천로67번길 15, 112호"
188,종암점,02-953-9192,"서울특별시 성북구  종암로 19길 46, 103호"
189,종로4가점,02-747-9294,"서울특별시 종로구 창경궁로 113, 1층"
190,조치원점,044-865-8292,"세종특별자치시  조치원읍   충현로 72,삼일상가@110호"
191,제천하소점,043-643-9294,충청북도 제천시  용두대로15가길 13
192,제주한림점,064-796-9454,제주도 제주시 한림읍 한림로 653
193,제주중문점,064-738-9280,제주도 서귀포시  천제연로 183-1
194,제주외도점,064-743-9294,"제주도 제주시  우정로18길 12, 1층"
195,제주영어도시점,064-792-8293,제주도 서귀포시 대정읍 에듀시티로 23 상가동 105호
196,제주연동점,064-747-9280,제주도 제주시 연동 274-21
197,제주아라점,064-702-9294,제주도 제주시 아라1동  1718-3 원신아파트 상가 1층
198,제주신촌점,064-721-4161,"제주도 제주시 조천읍 신북로 99, 1층"
199,제주신시가지점,064-739-9294,제주도 서귀포시  신서로 55 강정상록아파트 상가
200,제주동홍점,064-733-8292,제주도 서귀포시  일주동로 8588
201,제주노형점,064-746-8292,제주도 제주시  정존13길 14
202,정자마을점,031-716-9949,"경기도 성남시 분당구  내정로 54,  나상가동 1층 104호(정자동, 한솔마을주공6단지아파트)"
203,정자1동점,031-715-8294,"경기도 성남시 분당구  내정로119번길 17,  1(일부)층 102호(정자동)"
204,정읍수성점,063-537-9992,전라북도 정읍시  수성택지4길 4(수성동)
205,정읍상동점,063-532-9294,전라북도 정읍시  학산로 127-31(상동)
206,"정왕3,4동점",031-488-9492,"경기도 시흥시  정왕신길로49번길 28 107호(정왕동 1875-2, 미주아파트상가)"
207,정왕1동점,031-488-9294,"경기도 시흥시  봉우재로 10,  1층 일부호(정왕동)"
208,정발산점,031-925-3892,경기도 고양시 일산동구  산두로 239
209,정릉역점,02-943-9294,"서울특별시 성북구 정릉로 26길 8, 제상가동 1층"
210,정릉1호점,02-919-9294,서울특별시 성북구  보국문로16길 74
211,정관신도시점,051-728-9494,"부산광역시 기장군 정관읍 정관로 595, 110호"
212,정관모전점,051-723-9292,"부산광역시 기장군 정관면 정관로 350, 323동 B101호 (이지더원3차)"
213,전주평화점,063-287-9494,전라북도 전주시 완산구  평화로 139
214,전주진북점,063-272-8294,전라북도 전주시 덕진구 진북동 434-45번지
215,전주인후점,063-243-9294,전라북도 전주시 덕진구  견훤로 320 1층
216,전주에코시티점,063-278-9494,"전라북도 전주시 덕진구  세병로74, 212동 1층 101호"
217,전주아중점,063-246-9294,전라북도 전주시 덕진구  무삼지로 53
218,전주서신점,063-274-9294,전라북도 전주시 완산구  전룡로 28
219,전주삼천점,063-225-9294,"전라북도 전주시 완산구  난전들로258, 1층 5호 (삼천동1가)"
220,전주만성점,063-211-9294,"전라북도 전주시 덕진구  만성중앙로 53-37, 1층 103호"
221,전북혁신도시점,063-229-9294,"전라북도 완주군 이서면  출판로 42 , 101호"
222,전남화순점,061-375-9294,전라남도 화순군 화순읍 광덕리 305번지
223,전남장흥점,061-863-8592,전라남도 장흥군 장흥읍 장흥로 76-10 1층 104호
224,전남영암점,061-473-8245,전라남도 영암군 영암읍 중앙로 16
225,전남영광점,061-353-9294,전라남도 영광군 영광읍 옥당로 123
226,전남나주점,061-334-3070,"전라남도 나주시   중앙로 20,  1층, 오른쪽 첫번째칸(남내동 )"
227,전남광양읍점,061-763-9553 / 061-763-9552,전라남도 광양시 광양읍 유당로 43
228,전남강진점,061-433-9392,전라남도 강진군 강진읍 보은로1길 25
229,전곡점,031-835-9492,경기도 연천군 전곡읍 은전로86번길 18
230,장항점,031-907-7775,경기도 고양시 일산동구  중앙로 1129  호수마을 1단지 제중관동 1층 1058호
231,장천산동점,054-476-9285,"경상북도 구미시 산동면 산호대로39길16, 1동 101호"
232,장지역점,02-430-9294,서울특별시 송파구  새말로143 1층 (문정동)
233,장안2동점,02-2247-9393,서울특별시 동대문구  사가정로25길 22-3 1층(장안동)
234,장안1동점,02-2244-9299,"서울특별시 동대문구  장한로9길 16, 1층"
235,장성창포점,054-252-9595,경상북도 포항시 북구  대곡로 10
236,장성읍점,061-392-9492,전라남도 장성군 장성읍 청운길 9-1
237,장기감삼점,053-523-9492,대구광역시 달서구 장기동 528
238,장곡장현점,031-362-5892,"경기도 시흥시  장곡북로 43,  근린생활시설동 1층 5호(장곡동, 시흥장현 루벤시아 1차)"
239,잠원한강점,02-545-9666,"서울특별시 서초구  강남대로95길 47-4,  1층 2호(잠원동)"
240,잠실본동점,02-417-9290,서울특별시 송파구 잠실본동 222-10 1층
241,잠실2호점,02-414-9294,서울특별시 송파구  석촌호수로 135
242,잠실1호점,02-412-9492,서울특별시 송파구  올림픽로 35길 104-108
243,작전서운점,032-545-8294,인천광역시 계양구  까치말로45번길 10
244,작전2동점,032-541-9294,"인천광역시 계양구  계양대로 120번길 7, 102호"
245,자운점,042-862-9282042-862-9284,대전광역시 유성구 신봉동 5-2 창조레스텔 1층
246,자양점,02-458-9221,"서울특별시  광진구 자양3동 뚝섬로41길 8, B동 1층"
247,임학점,032-546-9294,"인천광역시 계양구  계양산로 216번길 14, 103호"
248,일신부개점,032-517-9229,인천광역시 부평구  경인로 1002번길 34-1
249,일산풍동점,031-932-9492,"경기도 고양시 일산구  고풍로 72-41, 104호"
250,일산식사점,031-962-9492,"경기도 고양시 일산구  위시티3로 75, 1층"
251,일산가좌점,031-922-8294,"경기도 고양시 일산서구  가좌3로 11,  1층 101호, 102호(가좌동, 오성프라자)"
252,일도동광초점,064-752-5592,제주도 제주시  연수로3길 7
253,일광신도시점,051-723-9293,"부산광역시 기장군 일광면 해빛로 39-14, 1층 102호"
254,인헌점,02-888-9492,서울특별시 관악구  인헌길 43
255,인천주안1호점,032-434-9495,"인천광역시 미추홀구 석바위로 112, 1층"
256,인천원당점,032-562-9492,"인천광역시 서구 당하동 1030-1, 106호"
257,인천운남점,032-752-9295,"인천광역시 중구   숲쟁이로 12, 상가동 B1호 (운남동, e편한세상 영종하늘도시)"
258,인천용현2점,032-884-9288,인천광역시 남구  낙섬중로 72
259,인천연희점,032-566-9794,인천광역시 서구 심곡동 336-4번지 1층 103호
260,인천신포점,032-765-9494,인천광역시 중구  신포로23번길 35-1
261,인천숭의점,032-884-8294,인천광역시 남구  수봉로 6-15
262,인천석남점,032-581-3100,인천광역시 서구  석남로 78
263,인천검단점,032-564-1001,인천광역시 서구 마전동 903-12번지 101호
264,인창1호점,031-515-9449,경기도 구리시 인창동 383-54번지 1층
265,인제점,033-461-9494/033-461-2517,강원도 인제군 인제읍 상동리 296-8
266,인계동수원점,031-217-9294,"경기도 수원시 팔달구  중부대로 192,1층(인계동 167-8)"
267,익산황등점,063-858-9492,전라북도 익산시 황등면 황등중앙로 21
268,익산영등점,063-833-9288,전라북도 익산시 고봉로32길 7  1층 (영등동)
269,익산어양점,063-835-1199,전라북도 익산시 무왕로19길 36 1층
270,익산신동점,063-837-9494,전북 익산시 익산대로68길 26
271,익산부송점,063-832-9288,"전라북도 익산시  무왕로26길 21, 1층(부송동)"
272,익산모현점,063-858-8998,전라북도 익산시  선화로3길 39-15
273,익산동산점,063-842-8998/063-842-8008,전라북도 익산시 중앙로166-1 1층 (마동)
274,이태원점,02-792-9291,서울특별시 용산구  우사단로12길 18
275,이충장당점,031-664-9492,경기도 평택시 송탄로 190 1층(서정동)
276,이천하이닉스점,031-635-9492,"경기도 이천시 부발읍 경충대로2092번길31, 1층 109호"
277,이천점,031-638-0655,경기도 이천시  이섭대천로 1381
278,이천관고점,031-638-9298,"경기도 이천시  영창로 149, 1층(관고동)"
279,이시아폴리스점,053-981-9812,"대구광역시 동구  팔공로 250, 118호"
280,이문2호점,02-966-9294,서울특별시 동대문구 이문동 345-7번지
281,이문1호점,02-967-2827,서울특별시 동대문구  신이문로 38
282,이매점,031-706-1567,경기도 성남시 분당구 이매동 91-1번지 102호
283,이대역점,02-718-9982,"서울시 마포구  신촌로 196, 1층 101호(염리동)"
284,의정부용현점,031-851-8694,"경기도 의정부시 (용현동) 용민로 75-27, 1층 굽네치킨"
285,의정부동점,031-875-9492,경기도 의정부시  신흥로 196
286,의정부녹양점,031-829-9244,경기도 의정부시 녹양동 326-2
287,의왕오전점,031-399-5599,경기도 의왕시  오전동길 25
288,의왕삼동부곡점,031-462-9297/031-462-9298,경기도 의왕시  솔밭길 18-4
289,응암1호점,02-353-9492,"서울특별시 은평구   응암로22길 7-1, 1층"
290,음성혁신1호점,043-883-9294,충청북도 음성군 맹동면 용두2나길 12
291,은행선화점,042-254-8292,대전광역시 중구  대종로549번길 14
292,은행동점,031-742-9295,경기도 성남시 중원구 은행동 701번지 1층
293,은평뉴타운점,02-388-9492,"서울특별시 은평구  진관4로 78-8, 701동 104호"
294,은천점,02-883-9495,"서울특별시 관악구  은천로 61, 1층"
295,은계지구점,031-317-9492,"경기도 시흥시 은계호수로 49, 1층 1085호(은행동, 시흥 센트롤돔그랑트리)"
296,율량사천점,043-213-9294,"충북 청주시 청원구  율천북로 55, 1층"
297,율량2지구점,043-241-9282,충청북도 청주시 청원구 주성로 289
298,유천점,042-523-9492,대전광역시 중구 태평로26번길 50
299,유성온천점,042-826-8294,"대전광역시 유성구  대학로 45,  스카이뷰로드 104호"
300,유가점,053-616-9482,대구광역시 달성군 유가읍 테크노중앙대로6길 20
301,위례1호점,031-751-9294,"경기도 성남시수정구 위례광장로 45, 1층 102호"
302,월피점,031-405-9492,"경기도 안산시 상록구 안산천서로5길 27, 1층"
303,월계2동점,02-906-9294,서울특별시 노원구 월계동 776 월계프라자 104호
304,원통점,033-461-0002,강원도 인제군 북면 원통로147번길 41
305,원주혁신점,033-731-9488,"강원도 원주시  황금로 13, 201호"
306,원주단구점,033-761-9258,"강원도 원주시  단구로 414, 1층 102호"
307,원주기업도시점,033-747-9294,"강원도 원주시 지정면 신지정로 197-5, 1층 102호"
308,원내점,042-543-9295,대전광역시 유성구  진잠로78번길 63 1층 (원내동)
309,원곡본동점,031-495-9482,경기도 안산시 단원구  화랑로 28
310,울산호계점,052-286-9984,"울산광역시 북구  호계매곡4로 42, 1층"
311,울산정자해변점,052-944-9494,"울산광역시 북구  강동산하2로 7,  201동 1층 107호"
312,울산일산점,052-251-9295,울산광역시 동구  대학길 162
313,울산온양점,052-239-9282,울산광역시 울주군 온양읍 대안리415-19번지
314,울산온산점,052-238-9295,울산광역시 울주군 온산읍 덕남로 17 (1층)
315,울산옥동신정1호점,052-273-9282,울산광역시 남구 옥동 1405-27번지
316,울산언양점,052-263-6622,울산광역시 울주군 언양읍 남문길 20 1층
317,울산야음점,052-269-0004/052-269-0023,울산광역시 남구  야음동 693-5
318,울산신정3호점,052-268-9294,울산광역시 남구 신정5동 265-50번지
319,울산송정점,052-287-9294,울산광역시 북구  화동로 16 (1층)
320,울산성안점,052-246-6994,울산광역시 중구  백양로 14
321,울산삼호점,052-222-9242,울산광역시 남구 무거동 1447-9호
322,울산삼산점,052-276-9255/052-276-9256,"울산광역시 남구  돋질로 334, 1층"
323,울산복산점,052-297-9294,울산광역시 중구  화합로 498
324,울산방어꽃바위점,052-201-9940,울산광역시 동구  화문로 41
325,울산반구점,052-298-8294,"울산광역시 중구  화합로 388, 1호"
326,울산무거점,052-249-9482,울산광역시 남구  신복로7 1층
327,울산달동점,052-266-9582,"울산광역시 남구  번영로89번길 23,  101호"
328,울산다운점,052-903-1173,울산광역시 중구  다운로 64
329,울산농소1호점,052-293-8294,울산광역시 북구 매곡1로 55-23
330,울산남목점,052-252-9929,울산광역시 동구  미포3길 35
331,운정3호점,031-944-9392,"경기도 파주시  가람로 6, 103호"
332,운정2호점,031-948-9282,"경기도 파주시  한울로 84,  518동 102호(동패동, 휴먼시아 한울마을)"
333,운정1호점,031-948-6692,"경기도 파주시  가온로 27, 월드아파트상가 108호"
334,운양점,031-988-8294,"경기도 김포시  김포한강11로 288-27,  1층 굽네치킨"
335,운서점,032-747-0992,인천광역시 중구  영종대로 124 (102호 운서동)
336,우정태화점,052-246-9982,울산광역시 중구  태화로 263
337,우장산동점,02-2607-9960,"서울특별시 강서구  화곡31길 18, 1층 3호"
338,우아호성점,063-246-9280,전라북도 전주시 덕진구  우아로28
339,우만1동점,031-216-8899,경기도 수원시 팔달구  세지로 440
340,우도점,064-782-0723,"제주도 제주시 우도면 우도해안길 800, 1층"
341,용호메트로점,051-628-9492,"부산광역시 남구  용호로90번길 12-4, A-103호"
342,용현1호점,032-868-9242,인천광역시 남구 용현동 2-9
343,용인죽전1호점,031-263-9294,경기도 용인시 수지구 죽전동 425-2번지 108호
344,용인역북점,031-339-9294,"경기도 용인시 처인구 역북동 명지로40번길 35-16,상가동 지1층"
345,용인양지점,031-338-8595,"경기도 용인시 처인구  양지로 143번길 5-5 1층 1,2호"
346,용인성복점,031-272-9494,경기도 용인시 수지구 성복동 134번지 302호
347,용인서천점,031-202-9293,경기도 용인시 기흥구  서천동로83번길 4-10
348,용인보라점,031-285-8295,"경기도 용인시 기흥구  한보라1로 42-4., 105호"
349,용인둔전점,031-333-2336,경기도 용인시 처인구 포곡읍 둔전리 405-19 105호
350,용인동천점,031-266-9254,"경기도 용인시 수지구  수풍로117번길 2-2, 102호"
351,용인김량장동점,031-334-9256,"경기도 용인시 처인구 중부대로 1393, 1층 3호"
352,용인구성점,031-275-9299,경기도 용인시 기흥구  마북로 98
353,용인강남대점,031-287-9295,"경기도 용인시 기흥구 강남로 12, 108, 109호(구갈동, 스카이프라자)"
354,용이동점,031-651-9295,"경기도 평택시  현신3길 4, 102호"
355,용운판암점,042-272-9200,대전광역시 동구  새울로91번길2
356,용산용문점,02-711-9294,"서울특별시 용산구  새창로 119, 1층"
357,용산역점,02-6369-9294,서울특별시 용산구 한강로2가 255-1
358,용두신설점,02-953-9294,서울특별시 동대문구  안암로 40
359,"용당용호2,4동점",051-612-0094,"부산광역시 남구  용호로216번가길 10 상가동 1층 105호 (용호동, 용호예가)"
360,용담점,064-725-8892,제주도 제주시  용담로 70
361,완주삼례점,063-291-9293,전라북도 완주군 삼례읍 삼봉로 117
362,완월자산점,055-221-9294,경상남도 창원시 마산합포  고운로 181
363,완도점,061-555-1192,전라남도 완도군 완도읍 가용리 1062-4
364,와동점,031-485-9294,경기도 안산시 단원구  753-9 번지 1층
365,온천3동점,051-502-8005,부산광역시 동래구  충렬대로86번길 31
366,온의퇴계점,033-256-8892,강원도 춘천시 온의동 541-3번지
367,옥정지구점,031-857-9294,경기도 양주시  옥정동로5길 49
368,옥산정평점,053-802-9494,경상북도 경산시  성암로 21길 43
369,옥련점,032-834-8294,인천광역시 연수구  청량로239번길 11
370,옥길지구점,032-343-9294,경기도 부천시 양지로184번길 7-6 1층 (옥길동)
371,옥곡백천점,053-801-9494,"경상북도 경산시  백천동로 7,  상가동 108호(백천동, 부영초록마을)"
372,옥계구포점,054-476-9492,경상북도 구미시  산호대로 25길 25-38
373,오포점,031-769-9479,경기도 광주시  양벌로 295
374,오태북삼점,054-973-9580,경상북도 칠곡군 북삼읍 북삼로 109
375,오창2산단점,043-214-9492,"충북 청주시 청원구  오창읍 2산단로 185-1, 102호"
376,오송점,043-231-4308,충청북도  청주시 흥덕구 오송읍 만수길 14-4
377,오산중앙점,031-376-9492,경기도 오산시  경기대로 333번길 31
378,오산원동점,031-373-9492,"경기도 오산시  오산로 164,  1층 103호(원동, 양우프라자)"
379,오산신장점,031-372-3006,경기도 오산시  오산로348번길 3
380,오목천점,031-291-9229,경기도 수원시 권선구  온정로 8 1층 (오목천동)
381,오류2동점,02-2135-8294,"서울시 구로구 오류로 61, 1층 101호(오류동, 청담파우제)"
382,오금점,02-409-9492,서울특별시 송파구  성내천로88 1층 103호 (오금동)
383,예산읍점,041-333-9255,충청남도 예산군 예산읍 역전로140번길21
384,예산삽교읍점,041-338-9492,충청남도 예산군 삽교읍 삽교로 88
385,영평점,064-702-5555,"제주특별자치도 제주시  기와4길 14-3, 1층(영평동)"
386,영통2동점,031-273-8080,"경기도 수원시 영통구  영통로 237,  B2층 B205호(신동, 에이스 하이엔드 타워 영통)"
387,영통1동점,031-202-9942,경기도 수원시 영통구  반달로 7번길 40
388,영천동부점,054-335-8259,"경상북도 영천시  창신1길 42, 301동 1층 3호"
389,영주휴천점,054-636-9492,경상북도 영주시  지천로 108
390,영주대청점,051-465-9492,부산광역시 중구  동영로 24
391,영주가흥점,054-633-9294,경상북도 영주시 가흥동 1810-1번지 1층 굽네치킨 (영주시 대학로 209)
392,영월점,033-372-1235,강원도  영월군  영월읍  중앙로 13
393,영암삼호점,061-463-9492,"전라남도 영암군 삼호읍 삼호중앙로 234, 나동 1층"
394,영등포구청역점,02-2675-9294,"서울특별시 영등포구  양산로 131-2, 1층"
395,영동읍점,043-743-8294,충청북도 영동군 영동읍 계산리 588-36
396,영덕읍점,054-733-9246/054-734-2185,경상북도 영덕군 영덕읍 남석리 23번지
397,영덕영해점,054-734-9292,경상북도 영덕군 영해면 성내리 481-3
398,염창역점,02-2648-9294,"서울특별시 양천구  공항대로 644, 지앤빌딩"
399,연일유강점,054-286-1399,"경북 포항시 남구 연일읍 철강로 25번길 60, 1층"
400,연신내점,02-353-9253,서울시 은평구  통일로 877 1층
401,연수교현점,043-846-8292,충청북도 충주시  갱고개로 39
402,연수3동선학점,032-815-8293,인천광역시 연수구 선학동 376-5 1층 남서쪽상가 2칸
403,연수1동점,032-814-9482,인천광역시 연수구  먼우금로264번길 12 1층
404,연산2호점,051-852-9492,"부산광역시 연제구  중앙천로 35, 1층(연산동)"
405,연산1동점,051-867-9495/051-868-9495,부산광역시 연제구 연산동 615-10
406,연무점,041-741-9492,충청남도 논산시 연무읍 연무로 180-1
407,연남점,02-334-9482,서울특별시 마포구  동교로27길 91
408,역촌점,02-387-9294,서울특별시 은평구  연서로 49
409,역삼2동점,02-566-9294,서울특별시 강남구  도곡로27길6 1층 (역삼동)
410,역삼1동점,02-558-9995,"서울특별시 강남구  역삼로 129 ,104호"
411,역곡점,032-342-8294,경기도 부천시 원미구 역곡동 110-8번지
412,여주점,031-886-9492,경기도 여주시  여흥로 108
413,여좌중앙점,055-541-2222,경상남도 창원시 진해구  충장로41
414,여의도1호점,02-784-9492,서울특별시 영등포구  국회대로 66길 23 105호
415,여월도당점,032-672-9294,"경기도 부천시 부천로366번길 86,106호 (도당동 베네스트로즈)"
416,여수죽림점,061-692-9494,전라남도 여수시 소라면 죽림중앙로 33
417,여수웅천점,061-685-9294,전라남도 여수시  웅천로 19-9 103호
418,여수여천점,061-686-0017,전라남도 여수시  망마로 102
419,여수여서점,061-654-3633,전라남도 여수시  여문1로 28
420,여수봉산국동점,061-642-9939,전라남도 여수시  대교로 26 (봉산동)
421,여수미평점,061-654-9492,전라남도 여수시  양지1길 6-14
422,여수문수점,061-651-0017,"전라남도 여수시  문수로 68, 1층(문수동)"
423,여수무선점,061-692-6767,전라남도 여수시  화산1길 7
424,여수돌산점,061-644-8253,전라남도 여수시 돌산읍 우두리 1056-1
425,여수관문점,061-641-9494,전라남도 여수시 충무동 463-1번지
426,에코메트로점,032-433-1829,"인천광역시 남동구  소래역남로16번길 75,  에코메트로3차 더타워상가 1층 111-3호"
427,양평점,031-774-9992,경기도 양평군 양평읍 한빛길4
428,양평용문점,031-772-8894,경기도 양평군 용문면 용문로375
429,양주삼숭고읍점,031-844-8292,경기도 양주시  삼숭로 157 106호(삼숭동)
430,양주백석점,031-875-9288,경기도 양주시 벡석읍 호명로 92
431,양주덕계점,031-868-9492,경기도 양주시 덕계동 473-4번지
432,양정염포점,052-289-9282,울산광역시 북구  염포로 563
433,양재1동점,02-577-9492,서울특별시 서초구 바우뫼로41길 8 102호 (양재동)
434,양양점,033-673-9575,강원도 양양군 양양읍 남문로15
435,양산증산점,055-386-9295,"경상남도 양산시 물금읍 물금로 159, 1층"
436,양산신도시점,055-365-8892,"경상남도 양산시  양주로 38, 1층 108호"
437,양산석산점,055-366-9492,"경상남도 양산시 동면 금오12길 4-5, 1층"
438,양산서창점,055-363-9282,경상남도 양산시 삼호동 794-1 1층
439,양산범어점,055-365-8294,경상남도 양산시 물금읍 범구로 17
440,양산물금점,055-382-9982,"경상남도 양산시 물금읍 버들길 36, 1층"
441,양산덕계점,055-362-9282,경상남도 양산시  배움터길 20
442,양구점,033-482-5092,강원도 양구군 양구읍 중심로 184-1
443,양곡점,031-987-9492,"경기도 김포시  양촌읍 양곡2로 30, 106호"
444,야탑3동점,031-781-9294,경기도 성남시분당구  벌말로 29번길 18
445,"야탑1,2동점",031-708-5777,경기도 성남시 분당구  판교로 443
446,애월점,064-799-8294,"제주특별자치도 제주시 애월읍 고내로 11길 30, 2층"
447,압량조영점,053-817-8295,경상북도 경산시 압량면 청운1로 89
448,암사3동점,02-428-9294,서울특별시 강동구  암사길 88
449,알펜시아점,033-339-0146,강원도 평창군 대관령면 솔봉로 325
450,안지랑점,053-657-8194,"대구광역시 남구  대명로 177,  1층 13호(대명동, 동신맨션)"
451,안양중앙시장점,031-466-9292,경기도 안양시 만안구  냉천로 193번길 42 안양4동 711-120
452,안양박달점,031-442-9294,경기도 안양시 만안구  박달로 506
453,안양관양점,031-387-6661,경기도 안양시 동안구 관양1동 1386-18번지
454,안양7동점,031-465-9234,"경기도 안양시 만안구  태평로 52번길 37, 지상 1층 110호"
455,안성한경대점,031-672-9492,"경기도 안성시  중앙로 274-7,  상가동 102호(석정동, 한빛마을우남퍼스트빌)"
456,안산한양대점,031-415-8295,경기도 안산시 상록구  사동 1550-8
457,안산초지점,031-484-9244,경기도 안산시 단원구 초지동 742-9번지 메가쇼핑 113호
458,안산일동점,031-417-9482,"경기도 안산시 상록구 일동 구룡로 33, 102호"
459,안산성포점,031-486-9594,경기도 안산시 상록구 성포동 592-2번지 현대@상가 112동 107호
460,안동중앙점,054-842-9696,경상북도 안동시  안기천로 46 1층 103호(당북동)
461,안동용상점,054-821-8294,경상북도 안동시  경동로 908
462,안동1호점,054-858-9285,경상북도 안동시  경동로 349
463,아산탕정점,041-542-9492,"충청남도 아산시 탕정면 명암리 939-10, 101호"
464,아산장재점,041-532-9482,"충청남도 아산시  용연로 71,  103호"
465,아산용화점,041-532-9294,충청남도 아산시  온중로 39
466,아산신창점,041-542-8294,충청남도 아산시 신창면 서부북로920 1층
467,아산둔포테크노벨리점,041-547-9294,"충청남도 아산시  아산밸리중앙로 67, 이지더원아파트 414동 B108,"
468,아산권곡점,041-533-9492,"충청남도 아산시  청운로 146번길 2, 201호"
469,쌍문점,02-992-4555,"서울특별시 도봉구  도봉로 139길 74, 1층"
470,심곡점,032-612-9494,"경기도 부천시  신흥로 22,  1층 105호(심곡동, 스카이파크)"
471,신흥약대점,032-678-9294,경기도 부천시 원미구  약대동 118
472,신현점,031-712-9294,"경기도 광주시 오포읍 신현로 74, 101호"
473,신현원창점,032-577-9294,인천광역시 서구 가정동 515-1
474,신평비산점,054-453-0092,경상북도 구미시  비산로21 상가동 1층 103호 (비산동)
475,신탄진점,042-936-9492,대전광역시 대덕구  덕암로 255
476,신촌점,02-312-9494,서울특별시 서대문구  연세로 42-32
477,신창신가점,062-962-9292,광주광역시 광산구  신창로86번길 7-9
478,신정7동점,02-2648-9492,"서울특별시 양천구  목동남로2길 60-7, 상가동 지층2호 (신정동, 양천중앙하이츠)"
479,신정4동점,02-2692-9492,"서울특별시 양천구 오목로 172 지하 101호, 102호 (신정동, 뉴타운아파트)"
480,신정3동점,02-3666-9292,"서울특별시 양천구 중앙로43길 14 122동 119호 (신정동, 래미안 목동아델리체)"
481,신정2동점,02-2646-9492,서울특별시 양천구  신목로39
482,신월성점,053-639-9944,"대구광역시 달서구 조암남로85,115호 (월성동,DS타워)"
483,신월사파점,055-266-9929,경상남도 창원시 의창구  원이대로 687
484,"신월3,5동점",02-2691-8294,"서울특별시 양천구 화곡로4길 3, 1001동 101호 (미리내아파트)"
485,"신월2,4동점",02-2697-2232,"서울특별시 양천구 신월동 월정로 20-1,1층 3호"
486,신수점,02-715-9492,서울특별시 마포구  토정로18길 11 상가동 102호
487,신성점,042-863-9492,대전광역시 유성구  신성로 66
488,신사1동점,02-386-9294,"서울특별시 은평구  갈현로 39-1, 1층 4호(신사동)"
489,신방화역점,02-2663-9294,"서울특별시 강서구  마곡서1로 131,  상가동 1층 101호(마곡동, 마곡엠밸리1단지)"
490,신림동점,02-885-9294,서울특별시 관악구  신림동길 27
491,신둔점,031-633-1696,경기도 이천시 신둔면 증신로 561
492,신도림점,02-2677-9294,서울특별시 구로구  신도림로11길 45
493,신대점,061-723-8294,전라남도 순천시 해룡면 매안4길 22
494,신대방1동점,02-843-9294,서울특별시 동작구  대림로 19
495,신당역점,02-2232-9294,서울특별시 중구  퇴계로87길 22
496,"신당3,4동점",02-2253-3344,"서울특별시 중구 신당동 다산로32, 2상가 108호"
497,신내1동점,02-436-9977,서울특별시 중랑구 신내1동 398-4번지
498,신길뉴타운점,02-832-9492,서울특별시 영등포구 신길동 4937  한화꿈에그린상가 112동 110호
499,신기북정점,055-387-9212,경남 양산시 삼성5길 5-21  (북정동)
500,신곡2동점,031-851-9285,"경기도 의정부시  부용로210번길 17, 101호"
501,신곡1동점,031-821-9294,"경기도 의정부시  발곡로 31번길 15 (신곡동, 지상1층)"
502,신갈점,031-285-3800,경기도 용인시 기흥구  구갈로60번길 11
503,시흥월곶점,031-318-9482,경기도 시흥시 월곶동 994-1번지 주영프라자 101호
504,시흥신천점,031-311-9294,경기도 시흥시  신천3길41
505,시흥대야점,031-313-9294,경기도 시흥시 대야동 475-11번지
506,시흥능곡점,031-435-9294,"경기도 시흥시  능곡로 182, 107호"
507,시흥5동점,02-804-9294,서울특별시 금천구  금하로 731-7
508,시흥1동점,02-894-9294,"서울특별시 금천구 금하로14길 10, 1층(시흥동 887-24)"
509,시립대점,02-2214-5292,"서울특별시 동대문구  사가정로 149, 1층"
510,순천풍덕점,061-741-7492,"전라남도 순천시  남산로 153,  1층(풍덕동)"
511,순천조례점,061-722-8292/061-723-8292,순천시 신원큰길 27(조례동)
512,순천연향점,061-722-9294,전라남도  순천시   연향1로 12
513,순천북부점,061-751-9244,"전라남도 순천시  업동2길 2, 1층(용당동)"
514,순천남부점,061-746-9292/061-746-9494,전라남도 순천시  우석로 202
515,순창점,063-653-9492,전라북도 순창군 순창읍 장류로 358
516,수택3동점,031-568-9294,경기도 구리시 수택3동 853번지 럭키아파트상가 108호
517,수택2동점,031-553-9492,"경기도 구리시  벌말로 185, 117호"
518,수진점,,경기도 성남시수정구  제일로147번길 4
519,수유2동벽산점,02-998-1500,서울특별시 강북구  삼양로 424
520,수원조원1동점,031-241-9294,경기도 수원시 장안구  조원로 111번길 31
521,수원정자3동점,031-268-9211,경기도 수원시 장안구 천천동 481-5 1층
522,수원정자2동점,031-256-9294,경기도 수원시 장안구 정자2동 46-41번지
523,수원인계점,031-233-9294,경기도 수원시 팔달구 인계동 1008-24
524,수원율전점,031-269-9298,"경기도 수원시 장안구 덕영대로425번길41,1층 (율전동)"
525,수원영화점,031-245-2727,경기도 수원시 장안구  정조로934번길 46
526,수원역점,031-255-9492,경기도 수원시 팔달구  매산로52번길 8-1
527,수원세류점,031-223-9294,"경기도 수원시 권선구  덕영대로 1113-10, 1층(세류동)"
528,수원고등점,031-252-9294,경기도 수원시 팔달구  고등로59번길 63(고등동)
529,수완2호점,062-955-9493,"광주광역시 광산구 신가 1245, 1층"
530,수암신정2호점,052-276-1919,"울산광역시 남구  신선로 45, 롯데캐슬중앙상가동 209호"
531,수송미장점,063-466-9294,전라북도 군산시  축동로 7
532,수색증산점,02-372-9285,서울특별시 은평구 증산서길 98
533,수락점,02-933-9295,"서울특별시 노원구 동일로 239길 19, 105호"
534,수내점,031-711-9492,"경기도 성남시분당구  발이봉남로 3번길 4, 1층"
535,수곡모충점,043-285-9492,충청북도 청주시 서원구  구룡산로 340
536,송파점,02-422-9482,"서울특별시 송파구  송이로2길 3, 1층 101, 102호 (송파동)"
537,송추점,031-837-9005,"경기도 양주시 장흥면 가마골로 173, 1층"
538,송촌점,042-639-8294,대전광역시 대덕구  동춘당로 44번길 20
539,송천에코점,063-277-9288,전라북도 전주시덕진구 송천로 112-42
540,송우리점,031-544-9294,경기도 포천시 소흘읍 송우로 55-5
541,송림송현점,032-773-9282,인천광역시 동구  새천년로 32
542,송도신도시점,032-833-9482,인천광역시 연수구  컨벤시아대로 50
543,송도5동점,032-833-9294,"인천광역시  연수구   센트럴로 415,  판매시설동 1층 190호(송도동, 힐스테이트 송도 더테라스)"
544,송도3동점,032-816-9494,인천광역시 연수구 송도동 190-2 글로벌캠퍼스푸르지오상가 202동 131호
545,송내북부역점,032-321-9492,"경기도 부천시 석천로54, 1층 (상동, 대동빌딩)"
546,송내2동점,032-661-9282,경기도 부천시 소사구 성주로 96  1층 102호 (송내동)
547,속초조양점,033-638-9595,"강원도 속초시  조양상가길 2, 110호"
548,속초교동점,033-637-8892,강원도 속초시 교동 교동로 113번지
549,소하2동점,02-898-9291,경기도 광명시  성채로 50번길 33
550,소하1동점,02-899-9492,경기도 광명시 소하1동 1324번지 주공아파트 상가 (후문)
551,소촌우산점,062-941-9495,광주광역시 광산구  사암로106번길 57
552,소사점,032-344-9477,경기도 부천시 소사구 소사본3동 400-7 청구@ 상가 101호
553,소사벌점,031-651-9294,경기도 평택시  비전6길 2-14
554,세종한솔새롬점,044-868-9294,"세종특별자치시   새롬중앙로 34 , 118A(새롬동, 크리스마스빌딩)"
555,세종종촌점,044-863-9492,"세종특별자치시   도움1로 74,  상가동 105호"
556,세종소담점,044-862-9492,"세종특별자치시 국책연구원1로 15 상가에이동 106, 107호(소담동, 새샘마을9단지)"
557,세종도담점,044-863-9294,"세종특별자치시   보듬3로 6,1층 107호(도담동,라온프라이빗시티Ⅱ)"
558,세종다정점,044-865-9492,"세종특별자치시 다정서로 60,(다정동,가온마을5단지) 상가1동 102호"
559,세종고운점,044-864-9245,"세종특별자치시   마음로 151, 가락마을 9단지 상가 102호"
560,세마역점,031-376-9585,"경기도 오산시  수목원로 602,  1층 109호, 110호(세교동)"
561,세교통복점,031-653-9979,경기도 평택시  통복시장로 54번길 16-7
562,세교1호점,031-375-6969,"경기도   오산시대호로 131, 1층 107호(궐동, 대유프라자)"
563,성현점,02-884-7703,서울특별시 관악구 봉천동 466-76
564,성연테크노벨리점,041-663-9492,"충청남도 서산시 성연면 충의로 696, 102호"
565,성신여대점,02-923-9492,서울특별시 성북구 동선2가 145번지
566,성수1호점,02-464-9294,서울특별시 성동구 상원1길 26 1층 108-2호 (성수동1가)
567,성서계명대점,053-584-9288,대구광역시 달서구  서당로9안길 5
568,성산점,064-782-9262,"제주특별자치도 서귀포시 성산읍 해맞이해안로 2660, 1층"
569,성산2동점,02-307-9294,서울특별시 마포구  성암로7길 25
570,성사점,031-965-9492,경기도 고양시 덕양구 성사동 702-9
571,성당본리점,053-628-9494,"대구광역시 달서구  대명천로 96,  1층 굽네치킨"
572,성내3동점,02-472-9492,서울특별시 강동구 성내동 433-14 1층
573,성내2동점,02-470-9492,"서울특별시 강동구 성내동 25-1번지 이안A상가 110,111호"
574,성남동점,031-732-9232,경기도 성남시 중원구 산성대로 200 2층 201호 (성남동)
575,성건중부점,054-777-2092/054-776-2092,경상북도 경주시  북성로 98
576,선부3동점,031-402-9994,경기도 안산시 단원구  선부3동 1116-14번지
577,선부1동점,031-410-9492,경기도 안산시 단원구 달미로 96-1 101호 (선부동)
578,석촌점,02-421-9294,서울특별시 송파구  송파대로45길 16
579,석수2동점,031-474-9292,경기도 안양시 만안구  안양로 532번길 27
580,석관점,02-967-9492,"서울특별시 성북구  돌곶이로 21, 1층"
581,서현점,031-701-9243,"경기도 성남시 분당구  황새울로360번길 26, 2층 203호(서현동, 삼보프라자)"
582,서판교점,031-709-9294,"경기도 성남시 분당구  운중로 178번길 1, 107호"
583,서충주신도시점,043-846-9492,"충청북도 충주시 대소원면 첨단산업4로 31, 1층"
584,서초3동점,02-588-9492,서울특별시 서초구   반포대로22길 79-5
585,서초2동점,02-525-9294,서울특별시 서초구  서운로 79
586,서초1동점,02-597-9077,"서울특별시 서초구  사임당로 105, 일석상가 105호, 106호"
587,서천점,041-953-9492/041-953-9493,충청남도 서천군 서천읍 사곡리 304-68
588,서창지구점,032-469-9294,인천광역시 남동구 서창남순환로215번길 48 118호
589,서울대방점,02-817-9294,서울특별시 동작구  대방동23길 42
590,서산예천점,041-667-9492,"충청남도  서산시   석남3로 7, 1층(석남동)"
591,서산동문점,041-666-5892,"충청남도 서산시  율지 19길 47-10, 1층"
592,서부전하점,052-236-9292,울산광역시 동구 봉수로 290 상가동 제비201호(e편한세상전하)
593,서부신시가지점,063-236-9294,전라북도 전주시 완산구  후곡길 23-11
594,서림점,02-882-5155,서울특별시 관악구 신림동 96-60 한강뉴스타
595,서둔탑동점,031-298-9492,경기도 수원시 권선구 탑동로 18 1층
596,서대문연희점,02-333-9492,"서울특별시 서대문구  연희로 170, 1층"
597,서교점,02-323-9294,"서울특별시 마포구 잔다리로 74, 1층"
598,서곡지구점,063-275-9492,전라북도 전주시 완산구  서곡1길 1-4 1층
599,서강점,02-338-9294,"서울특별시 마포구  독막로22길 28,1층"
600,새솔동점,031-356-9592,"경기도 화성시  수노을1로191,4동 102호"
601,상주냉림무양점,054-533-9495,경상북도 상주시  냉림2길 31-3
602,상일점,02-481-9492,서울특별시 강동구 상일동 237번지
603,상왕십리역점,02-2281-1087,"서울특별시 성동구  왕십리로 410, 센트라스 상가 L동"
604,상암점,02-376-9294,서울특별시 마포구 상암동 30-1번지 형제빌딩 103호
605,상무2호점,062-375-9992,광주광역시 서구  화정로85번길 30-1
606,상동하당점,061-277-7200,전라남도 목포시  상리로15번길 15
607,상동점,032-329-9949,"경기도 부천시  소향로 37번길 19, 1층 122, 123호"
608,상도1호점,02-826-9294,서울특별시 동작구 상도동 436
609,상대원점,031-757-9492,경기도 성남시 중원구  희망로 324
610,상계보람점,02-930-9288,서울특별시 노원구  노원로34길 66 1층(상계동)
611,"상계6,7동점",02-936-8288,서울특별시 노원구 상계동 728-3 주공6단지 상가 101호
612,상.중동점,053-767-9492,대구광역시 수성구  상화로66
613,삼학자유점,061-244-2929,전라남도 목포시  둥근섬로 48-1
614,삼천포점,055-835-9494,경상남도 사천시 벌리동 420-8번지
615,삼척점,033-575-9282,강원도 삼척시 대학로 40
616,삼전점,02-424-9992,"서울특별시 송파구  백제고분로21길 20, 1층 102호"
617,삼송1호점,02-381-9294,"경기도 고양시 덕양구  동산1로1길 23-23,  102호(동산동)"
618,삼성2동점,02-515-9294,"서울특별시 강남구  삼성로103길 12, 123"
619,삼산2동점,032-525-9292,인천광역시 부평구 삼산동 453-1번지
620,삼산1동점,032-529-7494,인천광역시 부평구 평천로 389
621,산북소룡점,063-471-9492/063-465-9482,전라북도 군산시  원산북2길 37
622,산본1동점,031-394-5999,"경기도 군포시 군포로745번길 45, 1층"
623,산남성화점,043-283-9282,충청북도 청주시 서원구  두꺼비로 27번길 5-11
624,산곡4동점,032-525-9494,"인천광역시 부평구  원길로11번길 33, 1층"
625,산곡2동점,032-517-9292,"인천광역시 부평구  화랑북로11번길 38, 1층"
626,사창사직2점,043-273-9289,충청북도 청주시 서원구  창신로25번길 15 102호(사창동)
627,사동계양점,053-813-9492,경상북도 경산시 장산로 257 1층 (사동)
628,사당2동점,02-592-9294,"서울특별시 동작구  동작대로35길 46,  이수푸르지오 더 프레티움 근린생활시설 단지 내 상가 105호(사당동)"
629,사당1동점,02-588-9294,서울특별시 동작구 사당동 1038-12
630,사2동점,031-417-9492,"경기도 안산시 상록구  감골로 33, 101호"
631,비전2동점,031-656-9492,경기도 평택시 비전2동 272-7
632,비래가양점,042-632-9294,대전광역시 동구 흥룡로 79(가양동)
633,불현점,031-866-9409,"경기도 동두천시  평화로 2328, 가운데칸"
634,불로동점,032-566-7877,인천광역시 서구 불로동 308번지
635,불광1동점,02-382-9492,"서울특별시 은평   불광로 114, 1층(불광동)"
636,분당동점,031-708-9292,경기도 성남시 분당구 분당동 96번지
637,북아현점,02-312-9294,"서울특별시 서대문구  북아현로1길 50 ,상가동 106호"
638,북변사우점,031-998-0202/031-982-7977,경기도 김포시 사우동 1066번지
639,북가좌1호점,02-306-9988,서울특별시 서대문구  증가로 220-1
640,부흥달안점,031-388-9492,"경기도 안양시 동안구  동안로 194, 1층 117호"
641,부평역점,032-501-3040,"인천광역시 부평구  부평문화로 107-3, 1층"
642,부평4동점,032-516-3456,"인천광역시 부평구  주부토로 109, 1층(일부호)"
643,부천원종2동점,032-677-9299,경기도 부천시 오정구 원종동 224-8번지
644,부천원미점,032-662-9492,경기도 부천시 원미로 137
645,부천남부역점,032-653-9494,"경기도  부천시  성주로 245, 102호(심곡본동, LG아트빌)"
646,부여점,041-836-9494,충청남도 부여군 부여읍 중앙로5번길 24-10
647,부안읍점,063-581-9290,전라북도 부안군 부안읍 학동길 21-1
648,부산화명점,051-363-9492,부산광역시 북구 화명3동 2287-1 리버사이드빌딩 107-1호
649,부산학장점,051-315-9592,부산광역시 사상구  대동로 147-3
650,부산하단점,051-294-9494,부산광역시 사하구 하신번영로 304 (하단2동)
651,부산토곡점,051-759-9279,부산광역시 연제구  과정로 132번길 50
652,부산초읍점,051-904-9292,부산광역시 부산진구  성지로 104번길 46
653,부산초량점,051-467-9294,부산광역시 동구  초량로 59
654,부산청학점,051-418-8292,부산광역시 영도구 청학동 신도브래뉴 상가 112호
655,부산지사점,051-941-9492,"부산광역시 강서구  과학산단로 334번 나길 21,  1층"
656,부산주례점,051-323-5999,부산광역시 사상구  양지로 8번길 45-15
657,부산주례2호점,051-325-9592,부산광역시 사상구 주례동 80-29번지 1층
658,부산좌동점,051-704-9922,부산광역시 해운대구  좌동순환로 275
659,부산전포점,051-805-8294,부산광역시 부산진구  서전로 58번길 51
660,부산재송점,051-784-5600,부산광역시 해운대구  해운대로143번길 51
661,부산장전점,051-512-9953,부산광역시 금정구  장전온천천로 73번길 6
662,부산장림점,051-264-9482,부산광역시 사하구  다대로320번길 25
663,부산우동점,051-741-9488,부산광역시 해운대구  우동1로 45
664,부산우2동점,051-742-9477,"부산광역시 해운대구  해운대로 361, 103호"
665,부산온천점,051-557-9293,부산광역시 동래구  중앙대로 1335번길 21
666,부산엄궁점,051-315-9294,부산광역시 사상구  엄궁북로 4번길 7
667,부산양정점,051-868-9282,"부산광역시 부산진구 동평로406번길 33, 1층(양정동)"
668,부산안락점,051-525-0505,부산광역시 동래구  충렬대로 457번길 21
669,부산수정점,051-464-8292,부산광역시 동구  홍곡로 74
670,부산수영점,051-754-9291,"부산광역시 수영구  수영로741번길 46,  218동 104호(수영동, 수영협성르네상스타운)"
671,부산수민점,051-557-8292,부산광역시 동래구 수안동 34-1번지 새동래상가 6동 104호
672,부산송도점,051-246-0047,부산광역시 서구  암남공원로 27
673,부산서동점,051-531-9492,부산광역시 금정구 서곡로 34
674,부산사직점,051-502-8070,부산광역시 동래구 사직1동 47-23번지
675,부산부전점,051-804-9293,"부산광역시 부산진구  새싹로 37, 1층 101호(부전동)"
676,부산부암점,051-803-9234,부산광역시  부산진구   백양순환로 137-1
677,부산부곡점,051-512-9929,부산광역시 금정구  중앙대로1706번길 15
678,부산부곡2호점,051-583-9295,부산광역시 금정구  서동로36 (부곡동)
679,부산범천점,051-637-9284,부산광역시 부산진구 범일로192번길54
680,부산범일점,051-633-9294,"부산광역시 동구  중앙대로 514, 1동 1층 103호"
681,부산반여점,051-528-6700,부산광역시 해운대구  선수촌로 162-1
682,부산반여2호점,051-784-9492,부산광역시 해운대구  재반로 242번길 29-70
683,부산반송점,051-545-9282,"부산광역시 해운대구  윗반송로31번길 113-11,1층 (반송동)"
684,부산문현점,051-633-9494,부산광역시 남구 문현1동 13-63번지
685,부산명지점,051-271-0055,부산광역시 강서구  명지오션시티4로 90 102호 (명지동)
686,부산명륜점,051-553-5539,"부산광역시 동래구  명륜로 206 , 1층"
687,부산망미점,051-752-9495,부산광역시 수영구 과정로41번길 45 (부산광역시 수영구 망미동 445-2)
688,부산만덕점,051-334-2313,"부산광역시 북구  만덕2로44번길72, 106동 106호"
689,부산동삼점,051-403-4008/051-405-4008,부산광역시 영도구  동삼로 79
690,부산덕포점,051-305-5592,부산광역시 사상구  삼덕로 72-1
691,부산덕천점,051-332-9492,부산광역시 북구 덕천1동 408-18번지
692,부산대연점,051-636-9284,부산광역시 남구  못골로41번길 13
693,부산대신점,051-255-9492,부산광역시 서구 서대신동3가 279-14번지 2통 4반
694,부산당리점,051-202-8294,부산광역시 사하구  다대로 4
695,부산당감점,051-893-9592,부산광역시 부산진구  당감서로 118-1
696,부산다대점,051-266-8294,부산광역시 사하구 다대1동 933-12번지
697,부산남항점,051-414-9482,부산광역시  영도구   절영로93번길 25-1
698,부산남천점,051-622-9492,"부산광역시 수영구 (남천동) 수영로408번길 65, 상가동 2호"
699,부산남산점,051-513-9992,부산광역시 금정구  남산로37번길 60
700,부산낙민점,051-529-9482,"부산광역시 동래구 안남로 69, 1층"
701,부산기장점,051-722-9590,부산광역시 기장군 기장읍 차성동로 161
702,부산금곡점,051-361-8294,부산광역시 북구  효열로 207(금곡동)
703,부산구포점,051-334-3236,부산광역시 북구  시랑로7번길 4
704,부산구서점,051-582-9922,부산광역시 금정구 구서2동 184-23번지
705,부산괴정점,051-292-9982,부산광역시 사하구 괴정동 929번지
706,부산괴정2호점,051-205-8294,부산광역시 사하구  사리로 42
707,부산거제점,051-503-9289,"부산광역시 연제구 중앙대로 1167, 105호"
708,부산개금점,051-898-9592,부산광역시 부산진구 개금3동 470-8번지
709,부산감천점,051-202-9797,부산광역시 사하구  감천로 69
710,부산감전점,051-311-5999,"부산광역시 사상구  괘감로 108-1, 1층"
711,부산감만점,051-637-0011,부산광역시 남구  우암로 79번길 1
712,부산가야점,051-896-9477,부산광역시 부산진구  가야대로 552번길 135
713,부개2동점,032-507-9294,인천광역시 부평구 부개동 124-51번지
714,봉일천점,031-946-9992,경기도 파주시 조리읍 봉일천리 142-3번지
715,봉동점,063-262-5094,전라북도 완주군 봉동읍 완주산단8로 24
716,봉담1호점,031-227-9797,"경기도 화성시 봉담읍 상봉길 31, 지맨프라자 120호,124호"
717,본오2동점,031-406-9294,경기도 안산시 상록구  본오로9길 6
718,본동월성2동점,053-521-9492,"대구광역시 달서구 와룡로5길11,1층(본동)"
719,복대개신점,043-268-9294,"충청북도 청주시 흥덕구  풍산로147번길 1, 1층 103호"
720,보성읍점,061-852-9956,전라남도 보성군 보성읍 중앙로96-1
721,보령동대점,041-931-0601,충청남도 보령시 동대동 476-4번지
722,보라매점,02-877-8982,"서울특별시 관악구  보라매로3길 3 , 1,2층"
723,병점2동점,031-234-6633,"경기도 화성시  병점2로 65,  107호(병점동, 우남프라자)"
724,별내2호점,031-527-7788,경기도 남양주시 별내3로 249 상가동 107호 (별내동)
725,별내1호점,031-573-9492,경기도 남양주시  별내3로92
726,"범어1,2,3동점",053-751-9492,대구광역시 수성구  상록로 45 (1층 범어동)
727,번동점,02-986-9494/02-986-9595,"서울특별시 강북구 번동 덕릉로126, 우일빌딩 1층"
728,백석1동점,031-908-3445,"경기도 고양시 일산동구  강석로 33, 104호(백석동, 대우IAAN)"
729,배방점,041-542-9294,충청남도 아산시 배방읍 모산로 136
730,배곧캠퍼스점,031-503-9494,경기도 시흥시  배곧1로 27-15
731,배곧신도시점,031-431-9294,경기도 시흥시  배곧4로30 배곧타운116호
732,방화역점,02-2666-9279,서울특별시 강서구 방화동 830-1 에어뷰오피스텔2 101호
733,방학1동점,02-955-9282,"서울특별시 도봉구  방학로 2길 77, 1층"
734,방이점,02-421-9492,서울특별시 송파구  가락로 267
735,방배4동점,02-591-9294,"서울특별시 서초구  방배로32길 8, 1층 (조일빌딩)"
736,방배2동점,02-522-2279,"서울특별시 서초구  방배천로 16길 11-18 , 1층"
737,방림양림점,062-653-9285,"광주광역시 남구  용대로 183번길 20, 1층"
738,반포1동점,02-517-9482,서울특별시 서초구 반포1동 745 금성빌딩 1층
739,반월점,031-222-9294,"경기도 화성시   효행로1265번길 17,  101호(반월동)"
740,민락점,031-851-9282,"경기도 의정부시  오목로 168,  산들마을 제동상가 104호"
741,민락광안1동점,051-751-9492,부산광역시 수영구 민락동 167-1번지
742,민락2지구점,031-852-9482,경기도 의정부시  용민로 249 골든타워 101호
743,미아1호점,02-982-8669,"서울특별시 강북구  삼양로24길 19 102동 1층 103호 (미아동, 현대성우아파트)"
744,미성점,02-865-9492,서울특별시 관악구  난우길43
745,미사수변점,031-794-9492,"경기도 하남시  미사강변중앙로 111번길 26, 1층"
746,미사1호점,031-795-9294,경기도 하남시  미사강변북로30번길 106 1층 (망월동)
747,문화신풍점,063-468-9482,전라북도 군산시 대학로 120-1
748,문정점,02-449-4542,서울특별시 송파구  동남로6길 41-10
749,문산점,031-953-6555,경기도 파주시 문산읍 독산로 31-1
750,문막점,033-735-9294,강원도 원주시 문막읍 왕건로 37
751,문래점,02-2633-9492,서울특별시 영등포구 선유로3길 10
752,문경새재점,054-571-9494,경상북도 문경시 문경읍 주흘1길 25
753,무주구천동점,063-322-7773,전라북도 무주군 설천면 구천동로 1050
754,무전북신점,055-645-0099,경상남도 통영시  여황로 399-4
755,무안읍점,061-453-9492,"전라남도 무안군 무안읍 불무로20,1층"
756,무안남악점,061-287-2999,전라남도 무안군 남악4로 50 111호 (골든스위트)
757,무실점,033-743-9294,"강원도 원주시  만대공원길 50, 111호"
758,목포이로점,061-278-9294,"전라남도 목포시  삼학로 331, 금호상가102호"
759,목포용해점,061-277-9294,전라남도 목포시  포미로10번길 8
760,목포연산북항점,061-274-9991,전라남도 목포시 산정동 1766-9
761,목천읍점,041-558-9294,충청남도 천안시 동남구 목천읍 신계리 422번지 동우상가 120호
762,목감점,031-411-3607,"경기도 시흥시  목감우회로 39, 118호"
763,목4동점,02-2061-9494,"서울특별시 양천구 목동중앙남로12,1층 (목동)"
764,모슬포점,064-794-8294,제주도 서귀포시 대정읍 하모중앙로32번길 17
765,명지국제신도시점,051-292-9482,부산광역시 강서구 명지동 3412-2 정우빌딩 2차 1층 114호
766,명일점,02-429-9492,서울특별시 강동구 명일동 342-1번지 105호
767,면목점,02-494-8279,서울특별시 중랑구 면목동 657-54
768,면목본동점,02-432-9218,서울특별시 중랑구 면목본동 412-1
769,매탄3동점,031-214-9277,경기도 수원시 영통구  인계로270번길 11-3
770,매탄1동점,031-212-9492,경기도 수원시 영통구  매여울로 49
771,매곡오치점,062-574-9295,"광주광역시 북구  매곡로 76, 1층(매곡동)"
772,망포점,031-203-9492,"경기도 수원시 영통구  영통로 127, 102호"
773,망원1동점,02-332-8292,"서울특별시 마포구  희우정로77, 상가동 102호"
774,망우본동점,02-2209-9294,"서울특별시 중랑구  용마산로 118길 63, 1층"
775,만수2호점,032-462-1589,인천광역시 남동구  만수서로21번길 4
776,만수1호점,032-468-8294,"인천광역시 남동구  장승로 14, 창대아트빌"
777,마포도화점,02-704-9492,"서울특별시 마포구  도화4길 23,  1층 102호(도화동)"
778,마석점,031-595-2255,경기도 남양주시 화도읍 마석우리 357-7
779,마산회원점,055-241-9285,"경상남도 창원시 마산회원구 회원동서로 10  1층 101호 (회원동, 중앙캐스빌)"
780,마산점,031-988-9296,경기도 김포시  김포한강 8로 162번길 10 (마산동)
781,마산월영점,055-222-9294,경상남도 창원시 마산합포 월영동 610-1
782,마산양덕점,055-294-9285,경상남도 창원시 마산회원구  양덕로 140
783,마산삼계점,055-232-9266,경상남도  창원시 마산회원 내서읍 삼계로 56
784,마산산호점,055-243-5092,경상남도 창원시 마산합포구  용마로 90 1층 104호
785,마산내서점,055-231-9926,경상남도 창원시 마산회원 내서읍 중리 337-1번지
786,마산구암점,055-292-9482,경상남도 창원시 마산회원  구암북1길 124
787,마두점,031-903-8485,"경기도 고양시 일산동구  강송로 181,  117호, 118호(마두동)"
788,마곡나루역점,02-6012-9294,"서울특별시 강서구 마곡서로 133 714동 101호(마곡동, 마곡엠밸리7단지)"
789,마곡1호점,02-2661-3343,"서울특별시 강서구  공항대로 140, 1205동 102-2호(마곡동, 마곡"
790,등촌3동점,02-3663-9492,"서울특별시  강서구  강서로56길 64,  1층 108, 109호(등촌동, 마곡루나플라체)"
791,등촌2동점,02-2642-9492,서울특별시 강서구  등촌로53길 13
792,둔촌2동점,02-476-9553,서울특별시 강동구  천호대로 198길 12 (둔촌동)
793,둔산갤러리아점,042-483-8292,"대전광역시 서구 둔산동 1088번지 1층 104, 105호"
794,둔내점,033-345-9259,강원도 횡성군 둔내면 고원로 433
795,동해천곡점,033-533-9496,강원도 동해시 천곡동 1052-22 102호
796,동해북삼점,033-522-6999,강원도 동해시 동회동  66-4 동보상가 나동 4호
797,동판교점,031-701-9293,경기도 성남시 분당구 삼평동 738번지  봇들마을 상가 에이동 105호
798,동탄영천점,031-378-9492,경기도 화성시  지산2길 26
799,동탄역점,031-372-9495,"경기도  화성시  동탄광역환승로 63,  동탄역 반도유보라 아이비파크 106동 115호"
800,동탄목동점,031-375-9242,"경기도 화성시  왕배산1길15,1층 전부호(목동)"
801,동탄8동점,031-373-9493,"경기도 화성시  동탄대로4길 17,  지1층 112호(장지동, 금호어울림레이크)"
802,동탄3동점,031-613-9489,"경기도 화성시  동탄원천로 289-10, 가상가동 101호 (능동, 동탄능동마을주공아파트)"
803,동탄1동점,031-613-9222,경기도 화성시 반송동 24-3
804,동춘점,032-817-8092,"인천광역시 연수구  봉재산로 36번안길 22,1층"
805,동천용강점,054-775-9294,"경상북도 경주시  동천로 39,1층 (동천동)"
806,동암점,032-425-9289,인천광역시 부평구 십정동 487-2번지
807,동송점,033-455-9494,"강원도 철원군 동송읍 금학로 205, 1층"
808,동서오동점,055-247-9494,경상남도 창원시 마산합포  3.15대로 388
809,동산반월점,063-212-9258,전라북도 전주시 덕진구  쪽구름로 19 상가 1동 101호
810,동삭센트럴점,031-691-9982,"경기도 평택시  상서재로5길 15, 1층 118호 (동삭동, 상가)"
811,동백점,031-274-9492,"경기도 용인시 기흥구  동백3로 11번길 33, 106호"
812,동대문역점,02-765-9294,"서울특별시 종로구  종로 326, 1층(창신동)"
813,동광오거리점,033-254-9494,"강원도 춘천시  삭주로 206-1, 1층(후평동)"
814,독산3동점,02-859-9492,서울특별시 금천구  문성로 4
815,독산1동점,02-803-5008,"서울특별시 금천구  벚꽃로 40, 114동 128호"
816,독립문점,02-312-9492,"서울특별시 서대문구  독립문로 16, 1층(영천동)"
817,"도화2,3동점",032-873-9555,인천광역시 미추홀구  송림로251 창조프라자105호
818,도안가수원점,042-542-8292,"대전광역시 서구  원도안로 100, 101호"
819,도림점,02-846-9595,서울특별시 영등포구 도림동 144-73번지
820,도련봉개점,064-723-9295,"제주특별자치도 제주시  삼봉로 115,  상가동 104호(도련일동, 미듬하나로맨션)"
821,도남점,064-724-6144,제주특별자치도 제주시  신성로 70(도남동)
822,도곡2동점,02-572-9294,"서울특별시 강남구 논현로34길20,1층 101호(도곡동)"
823,덕진금암점,063-274-9244,전라북도 전주시덕진구  조경단로 59
824,덕정점,031-858-8892,경기도 양주시  고암길 154-12
825,대화점,031-911-9492,경기도 고양시 일산서구  강성로214번길 16-10
826,대학동점,02-875-9294,"서울특별시 관악구  호암로22길 37, 1층(신림동)"
827,대치2동점,02-554-9492,서울특별시 강남구 대치2동 990-3
828,"대치1,4동점",02-557-8292,"서울특별시 강남구  삼성로 229, 104호"
829,대천해수욕장점,041-931-8292,"충청남도 보령시  해수욕장6길 124, 102호"
830,대조점,02-387-9482,"서울특별시  은평구 대조동 역말로 145, 1층(대조동)"
831,대전학하지구점,042-822-9495,"대전광역시 유성구  학하서로121번길163, 101호"
832,대전태평점,042-527-0982/042-527-0992,대전광역시 중구 태평동 330-20번지
833,대전탄방점,042-488-9492,"대전광역시 서구 문정로122번길 14, 1층(탄방동 859)"
834,대전전민점,042-867-9294,"대전광역시 유성구 전민로38번길 50, 1층"
835,대전월평1호점,042-482-9277,대전광역시 서구 월평동 670
836,대전우송대점,042-628-9294,"대전광역시 동구  동대전로131번길14, 1층 (자양동)"
837,대전송강테크노점,042-936-8292,"대전광영시 유성구 테크노3로 77, 1층 101호"
838,대전상대점,042-822-9244,"대전광역시 유성구  상대동로2번길 67-6, 1층"
839,대전법동점,042-633-9295,대전광역시 대덕구  계족산로17번길 93
840,대전반석점,042-823-9492,대전광역시 유성구 반석동 624-2
841,대전문화점,042-585-9294,"대전광역시 중구 천근로 20, 1층 (문화동)"
842,대전만년점,042-489-9492,대전광역시 서구  만년남로 3번길 8-12
843,대전둔산1호점,042-485-9255,대전광역시 서구  문정로 170번길 157
844,대전도마점,042-537-9492,대전광역시 서구  도솔4길 37 1층
845,대전노은점,042-823-9295,"대전광역시 유성구  은구비서로 17, 1층"
846,대전괴정점,042-538-9482,대전광역시 서구  가장로 32
847,대전관저점,042-543-9494,대전광역시 서구  관저동로99번길5 (관저동)
848,대전갈마2동점,042-533-7918,"대전광역시 서구  대덕대로 115, 1층"
849,대전가오점,042-283-9282,대전광역시 동구 가오동 461번지
850,대연2호점,051-611-9284,부산광역시 남구  용소로40번길 19(대연동)
851,대성죽교점,061-242-9994,전라남도 목포시  양을로 1-2
852,대부도점,032-880-0492,경기도 안산시 단원구 대부북동 뻐꾹산길 126-11
853,대명1호점,053-621-1167/053-621-1187,대구광역시 남구  대명로 20길 22-2
854,대림1동점,02-832-9294,서울특별시 영등포구  디지털로 77길 2-6
855,대구황금점,053-761-9492,대구광역시 수성구 청수로31길 2 1층 (황금동)
856,대구화원점,053-639-9492,대구광역시 달성군 화원읍  천내리 118번지 창신맨션 상가 1동 2호
857,대구혁신점,053-962-2345,"대구광역시 동구  이노밸리로 46길 1,  1층 102호"
858,대구평리1호점,053-564-9494,대구광역시 서구 문화로 272(1층 평리동)
859,대구태전점,053-311-9291,대구광역시 북구  칠곡중앙대로53길 10
860,대구침산점,053-351-9492,대구광역시 북구  침산남로 19길 6
861,대구진천점,053-638-9279,"대구광역시 달서구  상화로 9길 9,1층"
862,대구지산점,053-781-9410,대구광역시 수성구 용학로 250
863,대구이곡점,053-588-9244,대구광역시 달서구  선원남로 74 1층
864,대구읍내점,053-314-8292,"대구광역시 북구  칠곡중앙대로118길 14,  1층 102호"
865,대구율하점,053-962-9294,대구광역시 동구  율하동로 25길 2 (신기동)
866,대구용산점,053-524-9494,대구광역시 달서구 용산동 용산로 186-7  1층
867,대구연경점,053-985-9294,대구광역시 동구 동화천로372 104호(지묘동)
868,대구신천점,053-746-9294,대구광역시 동구 신천3동 183-1번지
869,대구신암점,053-942-9282,"대구광역시 동구  동대구로 577,  303동 105호(신암동, 이안센트럴D)"
870,대구신매점,053-791-9492,대구광역시 수성구  고산로4안길 33-14
871,대구수성점,053-761-8292,대구광역시 수성구 수성로271
872,대구상인1호점,053-632-9492,대구광역시 달서구  상인로100-1
873,대구산격점,053-383-9998,"대구광역시 북구  동북로131,상가 106동 101호(양우내안애 아파트)"
874,대구봉덕점,053-473-9494,대구광역시 남구  중앙대로22길 155
875,대구복현점,053-939-9494,대구광역시 북구 복현동 249-8
876,대구범어4만촌3점,053-744-2822,대구광역시 수성구  범어로18길 56
877,대구방촌점,053-248-9494,"대구광역시 동구  방촌로 125, 101동111호 굽네치킨 (방촌동)"
878,대구반야월점,053-965-9492,"대구광역시 동구  반야월북로 220 1층 101, 102호 (각산동)"
879,대구메트로점,053-741-9221,대구광역시 수성구 만촌동 962-15
880,대구매호점,053-792-9494,"대구광역시 수성구 달구벌대로637길 22-3 101동 1층 점포2호 (매호동, 매호리첸시아아파트)"
881,대구두류점,053-657-2792,대구광역시 달서구  두류공원로 261-1 1층
882,대구동천점,053-311-2892,"대구광역시 북구  팔거천동로 34길 16, 1층"
883,대구대현점,053-959-9494,대구광역시 북구  대현로 106
884,대구대봉점,053-424-8294,"대구광역시 중구  대봉로 268, 1층"
885,대구대곡점,053-636-9492,대구광역시 달서구 갈밭로50 103호(대곡동)
886,대구다사점,053-581-9477,대구광역시 달성군 다사읍 대실역북로 78
887,대구구지점,053-611-9294,"대구광역시 달성군  구지면 국가산단대로 68길 21, 1층 굽네치킨"
888,대구구암점,053-325-9981,"대구광역시 북구  구암로49길 13 , 1층"
889,대구교대점,053-263-9494,"대구광역시 남구  중앙대로 199, 1층"
890,대구관음점,053-321-9985,대구광역시 북구 관음동 600-2번지
891,대광점,031-834-9554,경기도 연천군 신서면 도신리 290-20
892,당하점,032-564-9235,"인천광역시 서구 마전동 1054-6, 103호"
893,당진신평점,041-363-9482,충청남도 당진시  거산3거리길 70
894,당진송악점,041-356-9249,충청남도 당진시 송악읍 가학리 632-8 대림e-편한세상 상가 206호
895,당산2동점,02-6080-9494,서울특별시 영등포구  국회대로29길 16
896,답십리1동점,02-2216-9992,"서울특별시 동대문구  전농로 57, 1층"
897,담양점,061-383-9294,"전라남도 담양군 담양읍 미리산길 46 상가동 103호, 104호(담양백동엘에이치2단지)"
898,단계점,033-733-8892,강원도 원주시  봉화로 48 1층
899,다산신도시1호점,031-563-9090,"경기도 남양주시  다산중앙로20번길 10-18,  102호(다산동)"
900,다산도농점,031-558-8877,"경기도 남양주시  도농로중촌2길 26-21, 1층(다산동)"
901,다대2동점,051-265-0292,"부산광역시 사하구  다대로429번길 12,  상가동 119호(다대동, 삼환아파트)"
902,능곡점,031-971-9492/042-527-0992,경기도 고양시 덕양구  지도로 35번길 12-22
903,농소2호점,052-294-9922,울산광역시 북구  천곡길 191
904,논현고잔1호점,032-421-9492,"인천광역시 남동구  논고개로136번길 12, 1층"
905,논현1동점,02-543-9492,"서울특별시 강남구  학동로6길 3, 1층(논현동)"
906,녹번점,02-359-9492,"서울특별시 은평구  서오릉로 6,  1층 102호(녹번동, 거장카운티)"
907,내포신도시1호점,041-635-9492/041-635-9493,"충청남도 홍성군 홍북면 상하천로 31, 117호"
908,내수점,043-212-0292,"충청북도 청주시 청원구 내수읍 청암로 37,104호"
909,내손포일점,031-423-0919,"경기도 의왕시  봇들로 60 102호 굽네치킨 내손포일점 (포일동)	"
910,내방농성점,062-363-9492,광주광역시 서구  월산로 257
911,내덕우암점,043-225-9492,충청북도 청주시 청원구  중앙로 191-2
912,내당중리점,053-562-9294,대구광역시 서구  평리로286
913,남지읍점,055-526-0209,경상남도 창녕군 남지읍 663-26
914,남원점,063-636-9253,전라북도 남원시  옥정2길 13
915,남원2호점,063-632-9294,전라북도 남원시  충정로 320
916,남양주진접점,031-572-9294,경기도 남양주시 진접읍 장현로 131
917,남양주월산점,031-559-9491,"경기도 남양주시 화도읍 경춘로2290번길 3,상가1동102호"
918,남양주와부1호점,031-576-7557,"경기도 남양주시 와부읍 수레로 88, 105호 (강산빌딩)"
919,남양주오남점,031-527-9492,경기도 남양주시 오남읍 130번지 102호
920,남양주사능점,031-527-9294/02-2607-9961,경기도 남양주시 진건읍 진건오남로 105번길 15
921,남양가음점,055-266-9294,경상남도 창원시 성산구 가양로 108 1층 일부호 (남양동)
922,남산대신점,053-253-9294,대구광역시 중구 남산동 2267-20(중구 명덕로 91-1)
923,남가좌1호점,02-304-9492,서울특별시 서대문구  가재울로4길 57-2(남가좌동)
924,나주혁신도시점,061-335-0012,전라남도 나주시 상야3길 8 중흥S클래스 메가티움 2차 131호 (빛가람동)
925,나주남평점,061-331-9294,"전남 나주시 남평읍 강변1길 21-6, 102호"
926,나운2호점,063-465-9492,"전라북도 군산시  부곡1길 39, 상가동 1층 108호"
927,김해활천점,055-336-0096,경상남도 김해시 어방동 319-11
928,김해진영점,055-342-0799,경상남도 김해시 진영읍 장등로 30
929,김해주촌점,055-339-9482,"경상남도  김해시  주촌면  선천남로 123, 1층"
930,김해장유점,055-312-9994,경상남도 김해시 삼문로59번길 6
931,김해율하점,055-326-9294,"경상남도 김해시 율하3로 107 101, 102호(관동동)"
932,김해율하2지구점,055-326-9282,경상남도 김해시  율하7로 21
933,김해외동점,055-322-9949,경상남도 김해시 외동  1242-2 1층
934,김해삼방점,055-338-0989,경상남도 김해시  삼안로 169
935,김해삼계점,055-332-9994,경상남도 김해시 해반천로130번길 33 탑클라우드 1층 101호 (삼계동)
936,김해부원점,055-327-9492,경상남도 김해시  김해대로2371번길 8-25
937,김해동장유점,055-312-9285,경상남도 김해시  월산로111-43
938,김해내동점,055-337-9959,"경상남도 김해시 금관대로1265번길 2, 1층(내동)"
939,김해구산대성점,055-337-9292,경상남도 김해시 구산동 555번지 106호
940,김포풍무점,031-981-9482,경기도 김포시 풍무동 425번지 102호
941,김포장기점,031-984-0550,경기도 김포시 장기동 1636번지 고창마을 제일풍경채상가동 102호
942,김천혁신도시점,054-432-9288,"경북 김천시   혁신6로 63, 2동 108호"
943,김천1호점,054-435-9492,경상북도 김천시  신음새동네2길 31
944,김제점,063-545-9482,전라북도 김제시  요촌중길45 (요촌동 585-3)
945,길음1동점,02-941-8295,"서울특별시 성북구  길음로 74, 2-107"
946,길동점,02-475-8294,"서울특별시 강동구 천중로 208 1층 101호 (길동, 더힐스빌)"
947,금호1가응봉점,02-2296-6464,서울특별시 성동구 금호동1가 1801-2 1층
948,금촌점,031-949-9339,경기도 파주시  새꽃로 96번지
949,금촌3동점,031-949-9998,"경기도 파주시 아동동 경의로 1833, 1층일부"
950,금정점,031-452-9288/031-452-9289,경기도 군포시 오금로 145 1층 일부 (금정동)
951,금왕점,043-878-9492,"충청북도 음성군 금왕읍 탑골길 12, 제1동  103호"
952,금산읍점,041-751-9282,충청남도 금산군 금산읍 비단로 329
953,금당왕지점,061-726-9494,전라남도 순천시 해룡면 조례못등길 70
954,금광2동점,031-743-8292,경기도 성남시 중원구  금빛로 61번길 11
955,귀인평안점,031-385-9229,"경기도 안양시 동안구  귀인로190번길 61-3,  1층(평촌동 917-5)"
956,권선2동점,031-898-9293,경기도 수원시 권선구 권선동 1259-8번지
957,군포당동점,031-346-9992,경기도 군포시  고산로264번길 13
958,군자점,02-466-9492,서울특별시 광진구  군자로 168
959,군산조촌점,063-452-9492,"전라북도 군산시  번영로 86 상가 101동 101호  (경장동, 오르빌아파트)"
960,군산나운점,063-468-9481,전라북도 군산시  대학로 316 1층
961,구의2동점,02-452-9492,"서울특별시 광진구  자양로 287, 1층(구의동)"
962,구의1동점,02-6085-9844,"서울특별시 광진구  자양로 173, 1층"
963,구월점,032-473-9200,인천광역시 남동구  독점로3번길 30-6
964,구영천상점,052-245-9995,울산광역시 울주군 범서읍 구영리 802-22번지
965,구미확장단지점,054-476-9294,경상북도 구미시 산동읍 신당1로 3길 17-7  1동 1층 104호
966,구미형곡점,054-455-9294,경상북도 구미시  형곡동로 70
967,구미인동점,054-472-9259,경상북도 구미시  인동16길 24-4
968,구미송정원평점,054-443-9494,경상북도 구미시 신시로14길 50
969,구미상모사곡점,054-464-9499,"경상북도 구미시 상사동로 106,1층"
970,구미봉곡점,054-604-9492,"경상북도 구미시 봉곡동 봉곡남로9길 7, 1층 101호"
971,구미문성점,054-444-9482,"경상북도 구미시 고아읍 들성로 7길 19, 1층"
972,구미도량점,054-443-9285,경상북도 구미시 야은로 413
973,구미1동점,031-711-9296,경기도 성남시 분당구  미금일로 75
974,구리교문점,031-552-9050/031-552-9051,경기도 구리시 교문동 757-1번지
975,구룡포점,054-276-9992,경상북도 포항시 남구 구룡포읍 호미로 253-2
976,구로디지털점,02-867-9494,서울특별시 구로구  디지털로27가길 5-1 1층(구로동)
977,구로5동점,02-858-9294,서울특별시 구로구  구로중앙로28길 31
978,구래1호점,031-996-9294,"경기도  김포시  김포한강 9로 12번길 97-14, 101호"
979,괴안범박점,032-341-9492,경기도 부천시 소사구 괴안동 242-10번지
980,광탄점,031-946-5292,경기도 파주시 광탄면 혜음로 1122 1층
981,광주효천점,062-675-9279,"광주광역시 남구  효우2로26번길 18,1층 108호"
982,광주화정점,062-384-9288,광주광역시 서구 화정동 827-20
983,광주학동점,062-234-9494,광주광역시 동구  의재로 54
984,광주하남점,062-954-9494,"광주광역시 광산구  용아로379번길 10,  1층(하남동)"
985,광주풍암점,062-653-9492,"광주광역시 서구  풍암신암로 38, 1층(풍암동)"
986,광주태전점,031-768-9294,"경기도 광주시  고불로 82, 103호(태전동)"
987,광주첨단점,062-972-9492,광주광역시 광산구  월계로 92-1
988,광주진월점,062-675-9492,광주광역시 남구  금당로 12-1
989,광주중흥점,062-527-9294,광주광역시 북구  우치로 27번길 26
990,광주주월점,062-676-9299,광주광역시 남구  회서로 11번길 13
991,광주장지점,031-766-9294,경기도 광주시  순암로 83
992,광주일곡점,062-576-9494,광주광역시 북구  일곡택지로 55
993,광주월산점,062-368-8292,광주광역시 서구  화정로 258-1(화정동)1층
994,광주운암점,062-430-9294,광주광역시 북구 서강로66번길 38 1층 (운암동)
995,광주운남점,062-951-9255,광주광역시 광산구  임방울대로 142-14
996,광주용봉점,062-525-9294,"광주광역시 북구 서암대로 74-1, 103호"
997,광주양산점,062-574-9494,"광주광역시  북구  양산택지로 89,  2층 201호(본촌동)"
998,광주수완점,062-955-9492,"광주광역시 광산구  장신로 62, 1층 104호"
999,광주송정점,031-764-9482,경기도 광주시 송정동 110-8번지
1000,광주송정도산점,062-945-9285,광주광역시 광산구 남동길 48번길 53
1001,광주선운점,062-943-9294,광주광역시 광산구  동곡로 735 선운타워 113
1002,광주상무점,062-373-9288,광주광역시 서구  치평동 1168
1003,광주봉선점,062-653-9288,광주광역시 남구 봉선동 1011-6번지
1004,광주백운점,062-672-9492/062-672-9294,"광주광역시 남구 백운로 29, 1층"
1005,광주문흥점,062-264-9492,"광주광역시 북구 천지인로 173번길 22, A-102(문흥동,광명상가)"
1006,광주두암점,062-261-9494,"광주광역시 북구  삼정로 71, 104호"
1007,광주동천동림점,062-513-4321,광주광역시 서구  동천로 8 (1층) 동천동
1008,광주금호점,062-372-9477,"광주광역시 서구   화개1로 31, 상가동 102호, 103호"
1009,광주계림금남로점,062-236-3339,"광주광역시 동구  제봉로 212번길 7, 1층(대인동 315-7)"
1010,광정점,031-391-9492,경기도 군포시 산본동 산본로432번길 4
1011,광장점,02-455-0707,서울특별시 광진구  아차산로 70길 75 광장현대아파트
1012,광양중마점,061-791-9494,"전라남도 광양시  공영로 10, 상가동 102호중 2호(중동, 금광1차아파트)"
1013,광양광영점,061-795-9294,전라남도 광양시  광영로 83
1014,"광안2,4동점",051-759-9492,부산광역시 수영구 광안동 168-7번지
1015,"광명3,4동점",02-2616-9295,경기도 광명시 광명동 158-321
1016,광교도청점,031-215-9492,"경기도 수원시 영통구 센트럴타운로 111, 104호(이의동, 광교스타힐스 오피스텔)"
1017,광교1호점,031-217-9492,"경기도 용인시 수지구  광교마을로 41,  신대프라자 1층 102호"
1018,"관교,구월2호점",032-424-9295,"인천광역시 남동구  인주대로 524,  가동 1층 일부호(구월동)"
1019,과천1호점,02-503-9294,"경기도 과천시  별양로 12, 레미안슈르A상가 1011호"
1020,공주중동점,041-853-9294,"충청남도 공주시  가구점길 3, 1층"
1021,공주신관점,041-854-9294,"충청남도 공주시  흑수골길 48, 1층"
1022,공릉2동점,02-949-9294,"서울특별시 노원구  노원로 62, 101호"
1023,"공릉1,3동점",02-978-2070,서울특별시 노원구 공릉동 573-20
1024,공도2호점,031-691-9294,경기도 안성시 공도읍 만정리 814-1
1025,공덕점,02-716-9292,"서울특별시 마포구  만리재로 74,  삼성레미안 상가1동 111호"
1026,곤지암점,031-798-9294,경기도 광주시 곤지암읍 평촌길 60
1027,곡성점,061-362-9286,전라남도 곡성군 곡성읍 읍내리 250-8
1028,곡반정점,031-232-7892,"경기도 수원시 권선구  동수원로146번길 98, 1층 101호"
1029,고흥읍점,061-834-9494,전라남도 고흥군 고흥읍 봉황길 32-1
1030,고흥녹동점,061-842-9494,전라남도 고흥군 도양읍 녹동남촌1길 24-1
1031,고한사북점,033-591-9477,강원도 정선군 사북읍 중앙로 68번지
1032,고촌점,031-985-9492,"경기도 김포시 고촌읍 장차로 46, 1층 102호(미렌빌)"
1033,고척2동점,02-2688-9477,"서울특별시 구로구  고척로 184,  1층(고척동)"
1034,고창점,063-562-9599,전라북도 고창군 고창읍 월곡공원1길 18
1035,고양화정2동점,031-973-9294,경기도 고양시 덕양구 성신로 10 101(화정동)
1036,고성천진점,033-633-5989,강원도  고성군  토성면  토성로 145
1037,고성간성점,033-682-5292,강원도 고성군 간성읍 간성로 67
1038,고산2동점,053-791-9292,"대구광역시 수성구  알파시티2로3길 54, 1층"
1039,고덕하늘채점,031-664-5441,"경기도 평택시 고덕면 효덕새싹길 64, 1층"
1040,고덕국제점,031-662-9294,"경기도 평택시 고덕면 고덕국제3길 22, 1층"
1041,"고덕1,2동점",02-3426-9282,서울특별시 강동구  상일로 161
1042,고강점,032-679-9295,"경기도 부천시  원종로 106, 101호(고강동)"
1043,계산1동점,032-553-9294,"인천광역시  계양구   계양대로 188, 1층 107호"
1044,계룡점,042-551-9494,충청남도 계룡시  금암로 155-11
1045,경화태백점,055-547-8595,경상남도 창원시 진해구 중초로 37
1046,경주황성금장점,054-771-9294/054-772-9294,경상북도 경주시  용담로116번길 7
1047,경주보문점,,"경상북도 경주시  보문로 402-31,106호"
1048,경산하양점,053-852-9222,경상북도 경산시 하양읍 하양역길 18
1049,경산진량점,053-851-9499,경상북도 경산시 진량읍 낙산길22-1
1050,경북청송점,054-873-9492,경상북도 청송군 청송읍 중앙로 236
1051,경북청도점,054-373-8294,경상북도 청도군 청도읍 청화로 103
1052,경북의성점,054-834-9492,경상북도 의성군 의성읍 중앙길 59
1053,경북울진점,054-781-8787,경상북도 울진군 울진읍 울진중앙로 186-4
1054,경북영주점,054-638-9492,경상북도 영주시  구성로324 (하망동 549-5) 1층
1055,경북성주점,054-931-9294,경상북도 성주군 성주읍 성주순환로162
1056,경북석적점,054-977-9494,경상북도 칠곡군 석적읍 석적로 954
1057,경북상주점,054-536-8294,경상북도 상주시 삼백로 120(서문동 84-2)
1058,경북문경점,054-556-9492,경상북도 문경시  반쟁이3길9
1059,경북도청신도시점,054-652-9294,"경상북도 예천군 호명면 행복로 230, 상가 110호 (우방아이유쉘2차)"
1060,경복궁점,02-722-9492,서울특별시 종로구  사직로114. 1층
1061,경남합천점,055-932-1212,경상남도 합천군 합천읍 합천리 충효로 4길 10
1062,경남함양점,055-962-8292,"경남 함양군 함양읍 교산길 2, 1층"
1063,경남하동점,055-882-7999,경상남도 하동군 하동읍 경서대로 106
1064,경남사천점,055-853-8392,경상남도 사천시 사천읍 사주리 90-15
1065,경남밀양점,055-356-8668,경상남도 밀양시  밀양대로 1770-1 (삼문동)
1066,경남남해점,055-862-9290,경상남도 남해군 남해읍 화전로 78번길 11
1067,경남고성점,055-673-8294,경상남도 고성군 고성읍 중앙로15번길 8
1068,경기고양점,031-964-9279/031-452-9289,경기도 고양시 덕양구  읍내로 83-7
1069,검암지구점,032-568-9492,인천광역시 서구   승학로 587
1070,거창점,055-943-8294,경상남도 거창군 거창읍 공수들7길 20
1071,거제중곡점,055-637-0787/055-637-8607,"경상남도 거제시  해명로4길 8, 엘리유리안2차 아파트 상가 106호"
1072,거제장평점,055-633-2727,경상남도 거제시  장평동 1198-2
1073,거제장승포점,055-682-3838,"경상남도 거제시  능포로4길 5, 107호"
1074,거제옥포점,055-687-7262,경상남도 거제시  옥포중앙로 87-1
1075,거제연초점,055-636-9296,경상남도 거제시  거제북로 48
1076,거제아주점,055-681-9269,경상남도 거제시  아주1로 112
1077,거제상문점,055-632-9294,경상남도 거제시  거제중앙로 1557
1078,거제사등점,055-636-9492,"경상남도 거제시 사등면 두동로 44, 1층"
1079,거제고현점,055-636-8100,경상남도 거제시  거제중앙로5길 28 -1
1080,거여역점,02-408-9294,서울특별시 송파구 오금로 484
1081,거모점,031-494-9255,경기도 시흥시 도일로 143(거모동)
1082,개포4동점,02-577-8294,"서울특별시 강남구 개포동 개포로20길 32, 1층"
1083,개포2동점,02-576-9294,"서울특별시 강남구   선릉로12길 5, 102-나호"
1084,개운점,033-762-9492,강원도 원주시  행구로 57
1085,개봉역점,02-2060-0113,"서울특별시 구로구  개봉로34-1,1층(개봉동)"
1086,"개금1,2동점",051-944-4567,부산광역시 부산진구  냉정로 188 1층 (개금동)
1087,강화점,032-934-5581,인천광역시 강화군 강화읍 강화대로 199
1088,강저지구점,043-646-9294,충청북도 제천시 영천동 2209
1089,강원횡성점,033-342-9294,강원도 횡성군 횡성읍 북천리115-52
1090,강릉홍제내곡점,033-655-9582,강원도 강릉시  남산초교길 12번길 16
1091,강릉포남점,033-655-9293,강원도 강릉시  강릉대로 457번길 25
1092,강릉택지점,033-641-6995,강원도 강릉시 율곡초교길43번길 17 (교동)
1093,강릉유천점,033-641-1092,"강원도 강릉시  선수촌로 79-7, 101호(홍제동)"
1094,강릉성덕점,033-642-1633,강원도 강릉시 입암동 498-12
1095,강남세곡점,02-6952-7494,"서울특별시 강남구  밤고개로 227, 지상1층 105호,106호"
1096,감정점,031-981-9294,"경기도 김포시  북변1로 36, 106호"
1097,감일지구점,02-477-9294,"경기도 하남시  감일백제로 89,  1층 101호(감이동, 성준프라자)"
1098,갈현2동점,02-356-9495,서울특별시 은평구 갈현2동 506-33번지
1099,갈매점,031-572-9485,경기도 구리시 갈매동 538
1100,갈말점,033-452-9542,강원도 철원군 갈말읍 명성로139번길 13-22
1101,간석점,032-428-9492,인천광역시 남동구  경인로 602 1층 일부호 (간석동)
1102,가평점,031-581-9288,경기도 가평군 가평읍 오리나무길 41-15
1103,가평글램핑점,031-582-9492,경기도 가평군  가평읍  북한강변로 272-1
1104,가좌1호점,032-574-9288,인천광역시 서구 가좌동 7번지
1105,가정점,032-568-9294,"인천광역시 서구 염곡로498번안길 11-1, 1층 일부(가정동)"
1106,가양점,02-3665-9949,서울특별시 강서구 가양동 1479-3번지 1층 104호
1107,가산점,02-869-9294,서울특별시 금천구 가산동 149-13
1108,가락본동점,02-431-9492,서울특별시 송파구  송파대로30길 41-34
1109,가곡수동점,031-595-9294,경기도 남양주시 수동면 비룡로 716
