SN,TITLE,CONTENT_link,DATE,VOTE
192392.0,"수서차량기지 이전과 3호선 성남,광주연장 방안",http://democracy.seoul.go.kr/front/freeSuggest/view.do?sn=192392,2022-04-26 20:11:45.0,6.0
192387.0,"공유 전동 킥보드, 개인 킥보드 제안 입니다.",http://democracy.seoul.go.kr/front/freeSuggest/view.do?sn=192387,2022-04-26 12:25:22.0,1.0
192385.0,오늘 시내버스 파업 했으면 교통이 불편한 지역 입니다,http://democracy.seoul.go.kr/front/freeSuggest/view.do?sn=192385,2022-04-26 10:51:31.0,2.0
192378.0,여행중 발견한 의문의 &#39;초록선&#39;…따라가봤더니 벌어진 일 [프랑스2022],http://democracy.seoul.go.kr/front/freeSuggest/view.do?sn=192378,2022-04-26 09:34:48.0,1.0
192374.0,버스 준공영제 폐지하라,http://democracy.seoul.go.kr/front/freeSuggest/view.do?sn=192374,2022-04-25 14:31:30.0,1.0
192373.0,"서울둘레길, 한양도성 완주 뱃지 디자인에 대해",http://democracy.seoul.go.kr/front/freeSuggest/view.do?sn=192373,2022-04-25 11:51:55.0,1.0
192372.0,서초동 삼풍아파트에 올빼미버스 신설해주세요,http://democracy.seoul.go.kr/front/freeSuggest/view.do?sn=192372,2022-04-24 17:27:04.0,3.0
192371.0,서초동 삼풍아파트 아크로비스타에 시내버스 신설해주세요,http://democracy.seoul.go.kr/front/freeSuggest/view.do?sn=192371,2022-04-24 17:21:51.0,3.0
192370.0,서초동 법조단지 정거장에 일체형 알뜰 버스 정보 안내 단말기 설치요청,http://democracy.seoul.go.kr/front/freeSuggest/view.do?sn=192370,2022-04-24 17:13:44.0,1.0
192369.0,오세훈 시장님! 서울의 발전을 위해선 GTX-D는 ‘인천공항’과 연결되어야 합니다. 재선 공약으로 채택해 주십시오. (부제 : GTX-D의 희망 기점에 대한 설문조사 제안),http://democracy.seoul.go.kr/front/freeSuggest/view.do?sn=192369,2022-04-24 13:28:47.0,263.0
192366.0,"개포동 주민의 교통편의를 위한 위례과천선의 완,급행 노선추진으로 구룡초교사거리역과 구룡역(환승역)의 신설을 요청",http://democracy.seoul.go.kr/front/freeSuggest/view.do?sn=192366,2022-04-23 16:06:43.0,4.0
192357.0,서울 신차 구입 시 공채 할인 너무한 거 아닙니까?,http://democracy.seoul.go.kr/front/freeSuggest/view.do?sn=192357,2022-04-22 09:42:30.0,2.0
192354.0,음식점 반찬 수량 제한,http://democracy.seoul.go.kr/front/freeSuggest/view.do?sn=192354,2022-04-21 00:05:46.0,1.0
192352.0,스마트 도서관에서 제가 원하는 책을 받아 읽고 싶습니다.,http://democracy.seoul.go.kr/front/freeSuggest/view.do?sn=192352,2022-04-20 14:15:36.0,11.0
192351.0,실버65세이상저렴한통신요금(단말기포함)건의,http://democracy.seoul.go.kr/front/freeSuggest/view.do?sn=192351,2022-04-20 13:47:01.0,1.0
192349.0,공원 꾸미기,http://democracy.seoul.go.kr/front/freeSuggest/view.do?sn=192349,2022-04-20 10:42:36.0,1.0
192343.0,120다산콜재단 카톡 서비스 합시다,http://democracy.seoul.go.kr/front/freeSuggest/view.do?sn=192343,2022-04-17 18:18:15.0,2.0
192337.0,1082버스 노선변경에 관해,http://democracy.seoul.go.kr/front/freeSuggest/view.do?sn=192337,2022-04-15 21:23:34.0,1.0
192335.0,SH공사 중랑구 이전 촉구,http://democracy.seoul.go.kr/front/freeSuggest/view.do?sn=192335,2022-04-15 18:47:28.0,7.0
192332.0,어린이와 강아지가 함께 뛰노는 공원을 꿈꾸며...,http://democracy.seoul.go.kr/front/freeSuggest/view.do?sn=192332,2022-04-15 15:46:53.0,13.0
192330.0,화곡동 발전을 위해 곰달래길을 넓히려는 화곡2동주민센터인근구역~~!!! 3080+ 도심공공주택복합사업 후보지 지정을 꼭 해주세요~!!!,http://democracy.seoul.go.kr/front/freeSuggest/view.do?sn=192330,2022-04-15 13:19:11.0,145.0
192329.0,따릉이 대여소에 일반 자전거 및 오토바이 거치에 대한 규제를 요청합니다.,http://democracy.seoul.go.kr/front/freeSuggest/view.do?sn=192329,2022-04-15 08:19:06.0,5.0
192328.0,사람 도서관을 서울시에서도 시행해주세요,http://democracy.seoul.go.kr/front/freeSuggest/view.do?sn=192328,2022-04-14 12:02:10.0,2.0
192327.0,트럭 확성기 영업 제한 혹은 금지,http://democracy.seoul.go.kr/front/freeSuggest/view.do?sn=192327,2022-04-14 11:50:17.0,1.0
192326.0,출산지원을 출산후 지원도 검토해주세요,http://democracy.seoul.go.kr/front/freeSuggest/view.do?sn=192326,2022-04-14 07:55:18.0,1.0
192325.0,서울시 전기차 완속충전기 선정시  평가항목에 시간대/계절별 요금제시항목을 추가해주십시요,http://democracy.seoul.go.kr/front/freeSuggest/view.do?sn=192325,2022-04-13 15:09:48.0,1.0
192324.0,신논현역 논현역 신사역에 신분당선 안내방송 추가로 넣어야 합니다,http://democracy.seoul.go.kr/front/freeSuggest/view.do?sn=192324,2022-04-13 14:25:27.0,1.0
192322.0,세계 최고의 따릉이 만들기 위한 빅데이터 놀이,http://democracy.seoul.go.kr/front/freeSuggest/view.do?sn=192322,2022-04-12 21:15:31.0,1.0
192321.0,주청차 위반 CCTV추가 설치,http://democracy.seoul.go.kr/front/freeSuggest/view.do?sn=192321,2022-04-12 12:29:59.0,2.0
192320.0,서울특별시 버스 정류장 [덕성여중고] 관련,http://democracy.seoul.go.kr/front/freeSuggest/view.do?sn=192320,2022-04-11 20:34:08.0,2.0
192317.0,「서울꿈새김판」 문안 공모전 진행은 공정과 상식에 맞게,http://democracy.seoul.go.kr/front/freeSuggest/view.do?sn=192317,2022-04-11 10:31:12.0,2.0
192316.0,한강그늘막설치,http://democracy.seoul.go.kr/front/freeSuggest/view.do?sn=192316,2022-04-10 13:07:10.0,2.0
192315.0,한강 잠원고수부지 조경,http://democracy.seoul.go.kr/front/freeSuggest/view.do?sn=192315,2022-04-10 10:50:44.0,4.0
192314.0,낮에 물청소,http://democracy.seoul.go.kr/front/freeSuggest/view.do?sn=192314,2022-04-10 10:02:40.0,1.0
192313.0,자전거 역주행을 막는 방법 제안입니다,http://democracy.seoul.go.kr/front/freeSuggest/view.do?sn=192313,2022-04-09 21:19:19.0,1.0
192311.0,서초동 삼풍아파트  버스 신설 및 확대 요청,http://democracy.seoul.go.kr/front/freeSuggest/view.do?sn=192311,2022-04-07 23:51:39.0,4.0
192307.0,서울시공무원 재택근무 해제요청,http://democracy.seoul.go.kr/front/freeSuggest/view.do?sn=192307,2022-04-07 10:27:26.0,5.0
192306.0,교통신호 신설 제안,http://democracy.seoul.go.kr/front/freeSuggest/view.do?sn=192306,2022-04-06 17:38:43.0,1.0
192305.0,서울페이 관련,http://democracy.seoul.go.kr/front/freeSuggest/view.do?sn=192305,2022-04-06 15:51:51.0,1.0
192304.0,민원번호(1AA-2203-0822627) 신사동 건물 진동에 대한 조치와 관련하여,http://democracy.seoul.go.kr/front/freeSuggest/view.do?sn=192304,2022-04-06 12:35:04.0,1.0
192303.0,일상으로 들어온 제로마켓을 계속 유지해주세요!,http://democracy.seoul.go.kr/front/freeSuggest/view.do?sn=192303,2022-04-06 11:28:13.0,1.0
192302.0,[서울시 어린이 건강도시락]을 만들어주세요.,http://democracy.seoul.go.kr/front/freeSuggest/view.do?sn=192302,2022-04-06 09:11:38.0,1.0
192300.0,청년수당 제도 올해로 종료한다네요. 앞으로도 연장해주세요.,http://democracy.seoul.go.kr/front/freeSuggest/view.do?sn=192300,2022-04-05 17:42:52.0,1.0
192298.0,신월6동 강신어린이공원 주변 개발 요청,http://democracy.seoul.go.kr/front/freeSuggest/view.do?sn=192298,2022-04-05 12:38:16.0,1.0
192297.0,우회전 교차로 횡단보도 개선,http://democracy.seoul.go.kr/front/freeSuggest/view.do?sn=192297,2022-04-05 11:23:02.0,1.0
192295.0,선유도공원 출렁다리 설치,http://democracy.seoul.go.kr/front/freeSuggest/view.do?sn=192295,2022-04-04 20:27:01.0,1.0
192293.0,선유도역 인근 주민들은 난 개발을 결사 반대합니다.,http://democracy.seoul.go.kr/front/freeSuggest/view.do?sn=192293,2022-03-31 21:54:39.0,6.0
192291.0,"서울 수도권에  디즈니랜드,유니버설스튜디오등 테마파크가 필요해보입니다.",http://democracy.seoul.go.kr/front/freeSuggest/view.do?sn=192291,2022-03-31 13:28:14.0,5.0
192290.0,창동역 에스카레이터 설치,http://democracy.seoul.go.kr/front/freeSuggest/view.do?sn=192290,2022-03-31 03:30:09.0,6.0
192288.0,일차선 교차로 우선멈춤 적용,http://democracy.seoul.go.kr/front/freeSuggest/view.do?sn=192288,2022-03-29 14:24:37.0,1.0
192283.0,서울숲 랜드마크 및 환경 개선건,http://democracy.seoul.go.kr/front/freeSuggest/view.do?sn=192283,2022-03-27 19:36:26.0,5.0
192282.0,지하철역앞 금연구역 표시,http://democracy.seoul.go.kr/front/freeSuggest/view.do?sn=192282,2022-03-27 15:43:44.0,5.0
192277.0,서울시와 시의회 공모전은 공정하게 진행돼야 합니다.,http://democracy.seoul.go.kr/front/freeSuggest/view.do?sn=192277,2022-03-25 12:13:15.0,2.0
192273.0,편의점 앞에 쓰레기통 설치를 의무화해주시면 감사하겠습니다.,http://democracy.seoul.go.kr/front/freeSuggest/view.do?sn=192273,2022-03-24 09:52:13.0,3.0
192270.0,서촌지역 따릉이 대여소 추가설치 요청건..,http://democracy.seoul.go.kr/front/freeSuggest/view.do?sn=192270,2022-03-23 13:52:14.0,5.0
192269.0,"노후 필로티 구조  생활형주택의 RC기둥의 붕괴방지(노후화, 지진 대비)",http://democracy.seoul.go.kr/front/freeSuggest/view.do?sn=192269,2022-03-23 13:44:33.0,5.0
192268.0,종로서대문 거점형 키움센터 3호 공간 효율이 떨어집니다. 7세를 위한 프로그램 필요합니다.,http://democracy.seoul.go.kr/front/freeSuggest/view.do?sn=192268,2022-03-23 10:22:35.0,8.0
192263.0,서울시 소방관들의 사명감에 건강을 더해 주십시오.,http://democracy.seoul.go.kr/front/freeSuggest/view.do?sn=192263,2022-03-22 12:40:17.0,18.0
192257.0,휴무일이 없는 도서관이 생겼으면 좋겠습니다.,http://democracy.seoul.go.kr/front/freeSuggest/view.do?sn=192257,2022-03-21 09:22:36.0,1.0
192255.0,백사마을 사업지연건,http://democracy.seoul.go.kr/front/freeSuggest/view.do?sn=192255,2022-03-20 18:14:56.0,1.0
192251.0,서울시 동물보호 조례 개정 제안,http://democracy.seoul.go.kr/front/freeSuggest/view.do?sn=192251,2022-03-19 14:31:40.0,1.0
192250.0,서리풀 터널을 지나는 시내버스 신설  해야 합니다,http://democracy.seoul.go.kr/front/freeSuggest/view.do?sn=192250,2022-03-19 01:25:21.0,3.0
192242.0,서울역 4호선쪽~공항철도 환승구간 에스컬레이터 설치 요청,http://democracy.seoul.go.kr/front/freeSuggest/view.do?sn=192242,2022-03-16 18:18:43.0,5.0
192240.0,코로나 격리통지서 발급 건,http://democracy.seoul.go.kr/front/freeSuggest/view.do?sn=192240,2022-03-16 12:16:54.0,5.0
192239.0,전기택시 보조금 추첨방식은 안됩니다. 기존방식대로 하세요.,http://democracy.seoul.go.kr/front/freeSuggest/view.do?sn=192239,2022-03-16 09:01:45.0,7.0
192233.0,코로나시대에 싱크트론으로 맑은물,http://democracy.seoul.go.kr/front/freeSuggest/view.do?sn=192233,2022-03-14 16:47:15.0,1.0
192230.0,주택가에도 쓰레기 분리수거통을 만들어주세요,http://democracy.seoul.go.kr/front/freeSuggest/view.do?sn=192230,2022-03-13 14:22:00.0,20.0
192229.0,방학역 도봉산 탐방객 진입로 확장조성 사업에 대한 추가소견,http://democracy.seoul.go.kr/front/freeSuggest/view.do?sn=192229,2022-03-13 12:10:39.0,7.0
192228.0,다양한 체육시설 증설요청,http://democracy.seoul.go.kr/front/freeSuggest/view.do?sn=192228,2022-03-13 10:03:19.0,5.0
192227.0,탄천 수질 개선,http://democracy.seoul.go.kr/front/freeSuggest/view.do?sn=192227,2022-03-13 08:19:30.0,5.0
192226.0,주유소에서 정품.정량을 판매하고 있는가???,http://democracy.seoul.go.kr/front/freeSuggest/view.do?sn=192226,2022-03-12 21:09:47.0,5.0
192225.0,낙산공원에 턱걸이 설치 부탁드립니다,http://democracy.seoul.go.kr/front/freeSuggest/view.do?sn=192225,2022-03-12 18:37:32.0,6.0
192223.0,장애인 이동편의 증진을 위한 하이패스 감면단말기를 지원하면 어떨까요?,http://democracy.seoul.go.kr/front/freeSuggest/view.do?sn=192223,2022-03-11 09:01:30.0,6.0
192221.0,수도요금 고지서를 개선하여 시민들에게 납부편의(식별용이)를 제공해 주세요!,http://democracy.seoul.go.kr/front/freeSuggest/view.do?sn=192221,2022-03-10 22:22:22.0,2.0
192219.0,비리가 없는 공무직 채용으로 바꿔주세요,http://democracy.seoul.go.kr/front/freeSuggest/view.do?sn=192219,2022-03-10 18:20:48.0,3.0
192214.0,코로나시대 화장장 자리부족,http://democracy.seoul.go.kr/front/freeSuggest/view.do?sn=192214,2022-03-07 13:05:41.0,5.0
192213.0,강남 롯데칠성부지로 경부선 고속버스터미널을 이전시키는 것은 어떨까요?,http://democracy.seoul.go.kr/front/freeSuggest/view.do?sn=192213,2022-03-07 01:16:22.0,5.0
192211.0,서울 남부터미널 개발,http://democracy.seoul.go.kr/front/freeSuggest/view.do?sn=192211,2022-03-06 21:54:02.0,1.0
192207.0,전기차택시 추첨제 기다리던 대기자,http://democracy.seoul.go.kr/front/freeSuggest/view.do?sn=192207,2022-03-06 10:20:36.0,3.0
192205.0,대현산 공원에 반려견 운동장을 만들어 주세요,http://democracy.seoul.go.kr/front/freeSuggest/view.do?sn=192205,2022-03-05 19:37:12.0,16.0
192197.0,반포한강공원 세빛섬 근처에 대관람차 설치를 제안합니다.,http://democracy.seoul.go.kr/front/freeSuggest/view.do?sn=192197,2022-03-03 17:34:46.0,5.0
192196.0,결혼식 직계 원판사진만이라도 마스크 착용 의무화 해지 해 주세요,http://democracy.seoul.go.kr/front/freeSuggest/view.do?sn=192196,2022-03-03 01:23:53.0,6.0
192195.0,서울시 개인택시 부제를 해제 해 주세요,http://democracy.seoul.go.kr/front/freeSuggest/view.do?sn=192195,2022-03-02 10:26:26.0,572.0
192193.0,화곡본동1구역 3080+ 도심공공주택 복합사업에 선정될수 있도록 지원요청 합니다,http://democracy.seoul.go.kr/front/freeSuggest/view.do?sn=192193,2022-03-01 12:50:26.0,44.0
192191.0,노을공원 캠핑장 주차장 경차 할인,http://democracy.seoul.go.kr/front/freeSuggest/view.do?sn=192191,2022-02-28 15:55:09.0,1.0
192188.0,"후보지선정에서 소외된 화곡본동 1구역, 3080+도심공공주택복합사업 선정해주세요.",http://democracy.seoul.go.kr/front/freeSuggest/view.do?sn=192188,2022-02-27 13:36:27.0,195.0
192172.0,장애아동을 위한 전용 미용(헤어컷)시설 설치를 제안합니다.,http://democracy.seoul.go.kr/front/freeSuggest/view.do?sn=192172,2022-02-22 14:54:13.0,31.0
192171.0,국토교통부 3080+ 도심 공공주택 복합사업에 서울시의 협조가 필요합니다. 낙후된 화곡동의 개발을 도와주세요.,http://democracy.seoul.go.kr/front/freeSuggest/view.do?sn=192171,2022-02-22 11:10:54.0,16.0
192170.0,공감합니다,http://democracy.seoul.go.kr/front/freeSuggest/view.do?sn=192170,2022-02-22 10:55:01.0,1.0
192169.0,"약탈적,매국노적,망국적 헐값 택시요금정책 포기해 줄 것을 제안합니다..",http://democracy.seoul.go.kr/front/freeSuggest/view.do?sn=192169,2022-02-22 01:26:04.0,2.0
192168.0,뮤직비디오 촬영 문의드립니다.,http://democracy.seoul.go.kr/front/freeSuggest/view.do?sn=192168,2022-02-22 00:35:18.0,1.0
192167.0,국토교통부 3080+ 도심 공공주택 복합사업에 서울시의 협조가 필요합니다. 낙후된 화곡동의 개발을 도와주세요.,http://democracy.seoul.go.kr/front/freeSuggest/view.do?sn=192167,2022-02-21 18:14:07.0,187.0
192163.0,삶의 질 항상,http://democracy.seoul.go.kr/front/freeSuggest/view.do?sn=192163,2022-02-21 06:35:15.0,1.0
192162.0,08~18시 공사시간 조례로규정 하여 기본권보장해 주십시오,http://democracy.seoul.go.kr/front/freeSuggest/view.do?sn=192162,2022-02-21 03:57:03.0,22.0
192158.0,신분당선-경의중앙선 연계를 통한 도심공원 활성화 및 지역연결 복원,http://democracy.seoul.go.kr/front/freeSuggest/view.do?sn=192158,2022-02-20 11:04:18.0,103.0
192149.0,전기 버스를 경사가 심하고 도로 한쪽에만 반사형 방음벽이 존재하는 노선에 최우선 투입하는 것을 제도화 요청합니다.,http://democracy.seoul.go.kr/front/freeSuggest/view.do?sn=192149,2022-02-18 10:33:44.0,27.0
192146.0,청년 주거,http://democracy.seoul.go.kr/front/freeSuggest/view.do?sn=192146,2022-02-17 08:18:47.0,5.0
192140.0,서울페이 불편해요,http://democracy.seoul.go.kr/front/freeSuggest/view.do?sn=192140,2022-02-14 14:51:45.0,1.0
192135.0,서울시 부족한 강아지 공원에 대한 제안입니다!,http://democracy.seoul.go.kr/front/freeSuggest/view.do?sn=192135,2022-02-12 02:06:03.0,57.0
192134.0,강남구 역삼동 언주로69길  주차구획 삭선요청,http://democracy.seoul.go.kr/front/freeSuggest/view.do?sn=192134,2022-02-11 15:52:36.0,1.0
192133.0,강남역 사거리  횡단보도 설치 하자,http://democracy.seoul.go.kr/front/freeSuggest/view.do?sn=192133,2022-02-11 01:30:13.0,4.0
192128.0,관공서나 마트에  반려동물 쉼터나 보호소 마련이 시급합니다!,http://democracy.seoul.go.kr/front/freeSuggest/view.do?sn=192128,2022-02-10 10:55:12.0,2.0
192126.0,매년 이른 봄(2~3월)에는 산림훼손 무단경작 단속 필요,http://democracy.seoul.go.kr/front/freeSuggest/view.do?sn=192126,2022-02-10 09:34:29.0,5.0
192115.0,일회용 배달용기 플라스틱 줄이기,http://democracy.seoul.go.kr/front/freeSuggest/view.do?sn=192115,2022-02-07 13:12:06.0,2.0
192103.0,코로나시기에 서울시향과 함께하는 양수경씨 콘서트 제안합니다,http://democracy.seoul.go.kr/front/freeSuggest/view.do?sn=192103,2022-02-04 12:49:41.0,9.0
192101.0,코로나로 힘든 시기,http://democracy.seoul.go.kr/front/freeSuggest/view.do?sn=192101,2022-02-04 08:44:00.0,5.0
192098.0,서초동 삼풍아파트에 시내버스 신설하자,http://democracy.seoul.go.kr/front/freeSuggest/view.do?sn=192098,2022-02-03 15:04:24.0,3.0
192095.0,"금천구(가산동,독산동,시흥동) - 판교,분당 간 광역버스 노선 신설",http://democracy.seoul.go.kr/front/freeSuggest/view.do?sn=192095,2022-02-01 19:14:11.0,1.0
192086.0,지하철 5호선연장,http://democracy.seoul.go.kr/front/freeSuggest/view.do?sn=192086,2022-01-28 20:51:52.0,11.0
192083.0,강서구 화곡동이 3080 재개발 후보지 발표에서 빠진 이유는 무엇입니까?,http://democracy.seoul.go.kr/front/freeSuggest/view.do?sn=192083,2022-01-27 12:00:30.0,135.0
192082.0,"화곡2,4,8동 공공주택 복합사업 후보지 지정에 협조바랍니다.",http://democracy.seoul.go.kr/front/freeSuggest/view.do?sn=192082,2022-01-27 11:57:39.0,368.0
192079.0,"광장동 530-1, 530-84 필지 아차산 진입공원 조성",http://democracy.seoul.go.kr/front/freeSuggest/view.do?sn=192079,2022-01-26 14:11:52.0,39.0
192077.0,서울시 공공기관부터 전면 재택 전환 시급,http://democracy.seoul.go.kr/front/freeSuggest/view.do?sn=192077,2022-01-26 09:15:54.0,6.0
192076.0,수녀라는 이름,http://democracy.seoul.go.kr/front/freeSuggest/view.do?sn=192076,2022-01-26 08:15:27.0,5.0
192055.0,지역구 그린오션 정책 제안,http://democracy.seoul.go.kr/front/freeSuggest/view.do?sn=192055,2022-01-24 02:03:41.0,22.0
192054.0,코로나 피해지원사업에 비영리민간단체로 포함부탁드립니다.,http://democracy.seoul.go.kr/front/freeSuggest/view.do?sn=192054,2022-01-23 17:03:13.0,5.0
192036.0,보행로 지상을 침범하여 불안감을 조성하는 타워크레인을 퇴출시켜 주세요,http://democracy.seoul.go.kr/front/freeSuggest/view.do?sn=192036,2022-01-19 16:20:37.0,1.0
192032.0,서울공예박물관 강좌제안드립니다,http://democracy.seoul.go.kr/front/freeSuggest/view.do?sn=192032,2022-01-19 12:40:00.0,14.0
192030.0,제설 단계별  대응책,http://democracy.seoul.go.kr/front/freeSuggest/view.do?sn=192030,2022-01-19 11:42:33.0,5.0
192027.0,가락시장에서 근무하는 근로자로서 코로나관련 제안,http://democracy.seoul.go.kr/front/freeSuggest/view.do?sn=192027,2022-01-18 04:00:33.0,5.0
192025.0,604 배차 간격 좀 좁혀주세요,http://democracy.seoul.go.kr/front/freeSuggest/view.do?sn=192025,2022-01-17 09:13:29.0,5.0
192024.0,정책의 일관성을 요청드립니다.,http://democracy.seoul.go.kr/front/freeSuggest/view.do?sn=192024,2022-01-17 02:14:02.0,5.0
192023.0,서울시가 합리적인 방역지침을 만들어주세요,http://democracy.seoul.go.kr/front/freeSuggest/view.do?sn=192023,2022-01-16 15:21:50.0,26.0
192022.0,배려의 습관을 만들어주세요,http://democracy.seoul.go.kr/front/freeSuggest/view.do?sn=192022,2022-01-16 14:15:32.0,5.0
192021.0,중고등학교 기출문제 앱을 제안합니다,http://democracy.seoul.go.kr/front/freeSuggest/view.do?sn=192021,2022-01-15 14:32:41.0,4.0
192016.0,1인가구 도어가드 센서 추가 설치할 수 있게 해주세요,http://democracy.seoul.go.kr/front/freeSuggest/view.do?sn=192016,2022-01-13 14:38:42.0,1.0
192014.0,안녕하세요!!^^,http://democracy.seoul.go.kr/front/freeSuggest/view.do?sn=192014,2022-01-13 00:09:57.0,6.0
192012.0,남산터널 하이패스 사용,http://democracy.seoul.go.kr/front/freeSuggest/view.do?sn=192012,2022-01-12 15:38:08.0,1.0
192009.0,서리풀 터널을 경유하는 순환버스좀 만들어주세요,http://democracy.seoul.go.kr/front/freeSuggest/view.do?sn=192009,2022-01-11 18:37:31.0,3.0
192004.0,소극행정 민원,http://democracy.seoul.go.kr/front/freeSuggest/view.do?sn=192004,2022-01-11 10:03:00.0,1.0
191995.0,5+1 환승제,http://democracy.seoul.go.kr/front/freeSuggest/view.do?sn=191995,2022-01-09 12:43:38.0,2.0
191994.0,화장실 쓰레기통 의무 설치,http://democracy.seoul.go.kr/front/freeSuggest/view.do?sn=191994,2022-01-08 16:03:06.0,1.0
191985.0,3217노선변경 절대반대,http://democracy.seoul.go.kr/front/freeSuggest/view.do?sn=191985,2022-01-06 14:49:11.0,390.0
191980.0,서울역 주변은 전국에서 가장 더러운곳  ...,http://democracy.seoul.go.kr/front/freeSuggest/view.do?sn=191980,2022-01-05 13:53:27.0,1.0
191978.0,국제적 망신이된 서울역!,http://democracy.seoul.go.kr/front/freeSuggest/view.do?sn=191978,2022-01-04 16:36:29.0,46.0
191976.0,3217번 노선버스 북위례 위례대로 경유 요청드립니다,http://democracy.seoul.go.kr/front/freeSuggest/view.do?sn=191976,2022-01-04 09:51:59.0,199.0
191975.0,시내버스안전사고예방홍보요청,http://democracy.seoul.go.kr/front/freeSuggest/view.do?sn=191975,2022-01-03 09:57:49.0,6.0
191970.0,여의도 금융자치구 선정,http://democracy.seoul.go.kr/front/freeSuggest/view.do?sn=191970,2021-12-30 09:14:40.0,149.0
191966.0,서울 시내버스 연장 요청합니다,http://democracy.seoul.go.kr/front/freeSuggest/view.do?sn=191966,2021-12-29 14:50:44.0,5.0
191961.0,용산 정비창 가이드라인,http://democracy.seoul.go.kr/front/freeSuggest/view.do?sn=191961,2021-12-28 18:13:49.0,1.0
191960.0,서울시 홈페이지 첫인상,http://democracy.seoul.go.kr/front/freeSuggest/view.do?sn=191960,2021-12-28 18:12:52.0,1.0
191957.0,"모두를 위한 도로, 주말 광화문 사거리의 차없는 거리 우선 지정을 제안합니다",http://democracy.seoul.go.kr/front/freeSuggest/view.do?sn=191957,2021-12-28 13:00:18.0,3.0
191956.0,"서울시내 대학 캠퍼스, 중고나눔터가 되다",http://democracy.seoul.go.kr/front/freeSuggest/view.do?sn=191956,2021-12-28 12:42:12.0,2.0
191952.0,길고양이 중성화 사업 확대,http://democracy.seoul.go.kr/front/freeSuggest/view.do?sn=191952,2021-12-27 17:21:47.0,1.0
191951.0,장위11구역세권개발,http://democracy.seoul.go.kr/front/freeSuggest/view.do?sn=191951,2021-12-27 17:02:09.0,7.0
191947.0,상하행 버스정류장 구분,http://democracy.seoul.go.kr/front/freeSuggest/view.do?sn=191947,2021-12-27 09:47:17.0,3.0
191946.0,노인분들을 챙겨주세요,http://democracy.seoul.go.kr/front/freeSuggest/view.do?sn=191946,2021-12-26 22:43:12.0,1.0
191945.0,역세권 주택 및 공공임대주택 건립 관련 운영기준 개정 요구,http://democracy.seoul.go.kr/front/freeSuggest/view.do?sn=191945,2021-12-26 19:16:29.0,159.0
191944.0,청소년들의 백신 신뢰도를 높여주세요,http://democracy.seoul.go.kr/front/freeSuggest/view.do?sn=191944,2021-12-26 17:59:32.0,1.0
191941.0,"""사 놓고 안 입는 옷을 위한 공유 공간을 제안합니다""",http://democracy.seoul.go.kr/front/freeSuggest/view.do?sn=191941,2021-12-24 17:15:05.0,9.0
191936.0,염화칼슘 지도를 만들어주세요!& 주민센터 다양한 소식도 페이스북 서촌에 정보를 올려주세요!,http://democracy.seoul.go.kr/front/freeSuggest/view.do?sn=191936,2021-12-24 10:32:30.0,1.0
191930.0,시민 책 공유 플랫폼 구축을 통한 작은도서관 도서 콘텐츠 다양성 확보 및 시민공동체 조성,http://democracy.seoul.go.kr/front/freeSuggest/view.do?sn=191930,2021-12-23 10:53:12.0,1.0
191929.0,사용안한 서울사랑상품권 유효기간내 구매금액으로 전액환불 요청,http://democracy.seoul.go.kr/front/freeSuggest/view.do?sn=191929,2021-12-23 10:12:31.0,1.0
191928.0,공유 서비스 따릉이의 에코마일리지 적립 서비스 운영 개선,http://democracy.seoul.go.kr/front/freeSuggest/view.do?sn=191928,2021-12-23 10:08:38.0,3.0
191926.0,서울시 공용벤치의 확대,http://democracy.seoul.go.kr/front/freeSuggest/view.do?sn=191926,2021-12-22 20:22:11.0,5.0
191925.0,코로나 위기 극복을 위한 초록 리본 운동(ON/OFF),http://democracy.seoul.go.kr/front/freeSuggest/view.do?sn=191925,2021-12-22 16:09:58.0,5.0
191924.0,전국민 회식합시다(소상공인살리기 국민참여),http://democracy.seoul.go.kr/front/freeSuggest/view.do?sn=191924,2021-12-22 14:37:03.0,5.0
191923.0,투명방음벽에 조류 충돌 방지 스티커를 붙여주세요!,http://democracy.seoul.go.kr/front/freeSuggest/view.do?sn=191923,2021-12-22 11:41:44.0,5.0
191921.0,시민단체 보조금 지원 시스템 개선,http://democracy.seoul.go.kr/front/freeSuggest/view.do?sn=191921,2021-12-22 09:37:26.0,5.0
191918.0,서울시 맨홀을 개성있게 바꿔주세요,http://democracy.seoul.go.kr/front/freeSuggest/view.do?sn=191918,2021-12-21 21:37:42.0,5.0
191913.0,지하철 신설 부탁드립니다.,http://democracy.seoul.go.kr/front/freeSuggest/view.do?sn=191913,2021-12-20 12:35:48.0,1.0
191902.0,서울시 노숙자 월동대책 방안에 대해서,http://democracy.seoul.go.kr/front/freeSuggest/view.do?sn=191902,2021-12-18 11:54:23.0,1.0
191893.0,돈암동 더？아파트 단지 지하 1층부터 한진한신 아파트 단지까지 이어지는 오르막길에 계단설치 건의,http://democracy.seoul.go.kr/front/freeSuggest/view.do?sn=191893,2021-12-17 09:44:11.0,5.0
191892.0,대공원 잔듸밭을 인조잔듸로 교체해서 시민에게 개방해주세요,http://democracy.seoul.go.kr/front/freeSuggest/view.do?sn=191892,2021-12-17 09:38:37.0,5.0
191888.0,민원시 자료 송부 방안 개선,http://democracy.seoul.go.kr/front/freeSuggest/view.do?sn=191888,2021-12-16 15:22:55.0,1.0
191886.0,코로나19 검사방법,http://democracy.seoul.go.kr/front/freeSuggest/view.do?sn=191886,2021-12-16 12:56:19.0,5.0
191882.0,(긴급제안) 환경미화원 야간 교통사고 예방 ‘휴대용 LED 경광등’ 지급 필요,http://democracy.seoul.go.kr/front/freeSuggest/view.do?sn=191882,2021-12-16 00:13:41.0,1.0
191880.0,인도 선전물 단속,http://democracy.seoul.go.kr/front/freeSuggest/view.do?sn=191880,2021-12-15 17:41:27.0,1.0
191879.0,가변 도로의 선전물 및 배너 단속,http://democracy.seoul.go.kr/front/freeSuggest/view.do?sn=191879,2021-12-15 17:37:32.0,1.0
191867.0,비둘기 불임사료 투여의 필요성,http://democracy.seoul.go.kr/front/freeSuggest/view.do?sn=191867,2021-12-14 09:20:50.0,3.0
191864.0,팬데믹 상황의 비대면 활동울 위한 IT 기기 지원,http://democracy.seoul.go.kr/front/freeSuggest/view.do?sn=191864,2021-12-13 13:58:56.0,1.0
191861.0,코로나 선별진료소 번호표 대기,http://democracy.seoul.go.kr/front/freeSuggest/view.do?sn=191861,2021-12-13 12:39:24.0,1.0
191857.0,선별진료소 검사시간 늘려주세요,http://democracy.seoul.go.kr/front/freeSuggest/view.do?sn=191857,2021-12-13 09:06:55.0,1.0
191850.0,민주시민으로 성장하기 위해 꼭 필요한 교육  민주시민교육을 정규교육 시간에 배정 해 주세요.,http://democracy.seoul.go.kr/front/freeSuggest/view.do?sn=191850,2021-12-11 01:37:11.0,1.0
191832.0,도서관 백신패스 당장 멈춰라!,http://democracy.seoul.go.kr/front/freeSuggest/view.do?sn=191832,2021-12-08 15:19:41.0,1.0
191819.0,공공도서관 백신접종자만 이용은 차별입니다.,http://democracy.seoul.go.kr/front/freeSuggest/view.do?sn=191819,2021-12-06 22:18:10.0,1.0
191815.0,프리랜서의 고용보험 적용확대를 위한 개선방안을 제안합니다.,http://democracy.seoul.go.kr/front/freeSuggest/view.do?sn=191815,2021-12-06 16:18:12.0,16.0
191811.0,아동을 위한 녹지 및 놀이시설 부족 문제와 해결방안,http://democracy.seoul.go.kr/front/freeSuggest/view.do?sn=191811,2021-12-05 14:50:48.0,2.0
191808.0,&#39;경의선 숲길&#39; 시멘트를 우레탄으로 교체요청,http://democracy.seoul.go.kr/front/freeSuggest/view.do?sn=191808,2021-12-04 16:37:33.0,4.0
191802.0,장애인들의 정류장 접근 환경을 개선하기 위해 버스정류장 시설과 교통약자 서비스 개선을 요구합니다.,http://democracy.seoul.go.kr/front/freeSuggest/view.do?sn=191802,2021-12-03 20:42:55.0,4.0
191801.0,장애인들의 대중교통 이용 편의 증진을 위해 한 번에 가는 노선 도입을 요구합니다.,http://democracy.seoul.go.kr/front/freeSuggest/view.do?sn=191801,2021-12-03 20:22:18.0,4.0
191800.0,버스정류장 주변 불법주차 단속을 강화해 주십시오,http://democracy.seoul.go.kr/front/freeSuggest/view.do?sn=191800,2021-12-03 19:55:59.0,4.0
191799.0,임시선별진료소 확충,http://democracy.seoul.go.kr/front/freeSuggest/view.do?sn=191799,2021-12-03 19:14:00.0,1.0
191797.0,효과적 자원 재활용을 위해 제안합니다,http://democracy.seoul.go.kr/front/freeSuggest/view.do?sn=191797,2021-12-03 13:35:04.0,1.0
191793.0,대모산 터널 건설을 적극 추진해주십시오.,http://democracy.seoul.go.kr/front/freeSuggest/view.do?sn=191793,2021-12-02 16:17:13.0,28.0
191791.0,"3,000억짜리 땅을 1억짜리 땅으로 쓰면서 청년 걱정하는 척하는 한심한  서울시 공무원에게!!",http://democracy.seoul.go.kr/front/freeSuggest/view.do?sn=191791,2021-12-02 15:16:59.0,1.0
191790.0,노숙인분들을 위한 긴급 보금자리 마련 방안 제안,http://democracy.seoul.go.kr/front/freeSuggest/view.do?sn=191790,2021-12-02 12:01:36.0,1.0
191787.0,시각장애인의 시설 방문 시 방문 인증 어려움에 대한 대책 마련을 제안 드립니다.,http://democracy.seoul.go.kr/front/freeSuggest/view.do?sn=191787,2021-12-02 02:41:33.0,56.0
191780.0,어린이보호구역에서 전동킥보드 속도 제한 의무화,http://democracy.seoul.go.kr/front/freeSuggest/view.do?sn=191780,2021-12-01 18:47:32.0,4.0
191779.0,6.25 전쟁 참전 용사들의 일대기 채록 사업을 제안합니다.,http://democracy.seoul.go.kr/front/freeSuggest/view.do?sn=191779,2021-12-01 13:26:02.0,1.0
191778.0,주말에도 열일하시는 선별진료소 공무원분들 감탄합니다!!!!!!,http://democracy.seoul.go.kr/front/freeSuggest/view.do?sn=191778,2021-12-01 00:03:33.0,1.0
191777.0,코로나 확산 저감대책은 기술시스템의 변화를 주는 것은 어떨까?,http://democracy.seoul.go.kr/front/freeSuggest/view.do?sn=191777,2021-11-30 19:51:50.0,1.0
191776.0,생활치료센터 확충해라,http://democracy.seoul.go.kr/front/freeSuggest/view.do?sn=191776,2021-11-30 15:11:08.0,1.0
191775.0,월계배드민턴전용구장 및 초안산스포츠타운 주차장 절대부족의 건(노원구에 제안을 했으나 원론적인 답변만 들음),http://democracy.seoul.go.kr/front/freeSuggest/view.do?sn=191775,2021-11-30 13:04:41.0,18.0
191774.0,따릉이를 이동수단으로!!,http://democracy.seoul.go.kr/front/freeSuggest/view.do?sn=191774,2021-11-30 12:48:17.0,1.0
191767.0,환승구간 에스컬레이터 앞에 안전 유도선을 만들어 주세요,http://democracy.seoul.go.kr/front/freeSuggest/view.do?sn=191767,2021-11-28 13:52:16.0,1.0
191764.0,따릉이 대여소에 지붕 설치해주세요,http://democracy.seoul.go.kr/front/freeSuggest/view.do?sn=191764,2021-11-28 01:09:08.0,2.0
191763.0,청년층의 코로나블루 극복을 위한 정책 및 프로그램 제안,http://democracy.seoul.go.kr/front/freeSuggest/view.do?sn=191763,2021-11-27 17:50:20.0,1.0
191762.0,문화센터 개설요청,http://democracy.seoul.go.kr/front/freeSuggest/view.do?sn=191762,2021-11-27 05:02:01.0,1.0
191761.0,코로나 방역대책을 다변화해주십시오.(언제까지 거리두기만 할겁니까?),http://democracy.seoul.go.kr/front/freeSuggest/view.do?sn=191761,2021-11-27 02:37:42.0,1.0
191760.0,"청년취업사관학교, 따릉이 관련하여 아쉬운 점 및 개선할 점을 말씀드리고 싶습니다.",http://democracy.seoul.go.kr/front/freeSuggest/view.do?sn=191760,2021-11-27 00:09:12.0,2.0
191759.0,장애인 콜택시 문제 개선을 위한 제안,http://democracy.seoul.go.kr/front/freeSuggest/view.do?sn=191759,2021-11-26 17:59:00.0,3.0
191753.0,옥수역 환승할 수 있도록 동호대교 북단 위 버스정류장 설치를 제안합니다,http://democracy.seoul.go.kr/front/freeSuggest/view.do?sn=191753,2021-11-25 13:57:58.0,7.0
191751.0,고등학교 앞 따릉이 설치 관련,http://democracy.seoul.go.kr/front/freeSuggest/view.do?sn=191751,2021-11-25 09:52:54.0,17.0
191750.0,&#34;스마트도서관&#34; 설치를 확대해주세요!,http://democracy.seoul.go.kr/front/freeSuggest/view.do?sn=191750,2021-11-25 00:21:44.0,4.0
191740.0,보호 종료 아동(자립 준비 청년)을 위한 정책 시행,http://democracy.seoul.go.kr/front/freeSuggest/view.do?sn=191740,2021-11-24 12:29:22.0,3.0
191739.0,대중교통 백신완료자/비접종자 격리,http://democracy.seoul.go.kr/front/freeSuggest/view.do?sn=191739,2021-11-24 10:32:06.0,1.0
191717.0,파파모빌리티를 장애인바우처택시사업에 참여시켜주세요,http://democracy.seoul.go.kr/front/freeSuggest/view.do?sn=191717,2021-11-20 13:21:52.0,56.0
191716.0,서울시 여성 지원 서비스 홍보 및 개선 제안드립니다.,http://democracy.seoul.go.kr/front/freeSuggest/view.do?sn=191716,2021-11-20 00:14:53.0,7.0
191714.0,전세사기 잡을 수 있습니다,http://democracy.seoul.go.kr/front/freeSuggest/view.do?sn=191714,2021-11-19 22:48:43.0,1.0
191709.0,ADHD를 겪는 서울시민들을 위한 정책제안,http://democracy.seoul.go.kr/front/freeSuggest/view.do?sn=191709,2021-11-19 09:40:49.0,5.0
191708.0,리터러시 기본 교육을 제안합니다.,http://democracy.seoul.go.kr/front/freeSuggest/view.do?sn=191708,2021-11-19 02:54:36.0,5.0
191707.0,재생에너지 주민 공동체 활성화,http://democracy.seoul.go.kr/front/freeSuggest/view.do?sn=191707,2021-11-19 00:03:59.0,5.0
191706.0,반려동물과 함께 살아가기 위해 알아둬야 할 기초 교육,http://democracy.seoul.go.kr/front/freeSuggest/view.do?sn=191706,2021-11-19 00:00:26.0,5.0
191704.0,"폐전기, 전자제품 반납에 따른 마일리지 지급 정책 제안서",http://democracy.seoul.go.kr/front/freeSuggest/view.do?sn=191704,2021-11-18 20:48:11.0,2.0
191703.0,실질적이고 획기적인 임산부배려석 이용방안,http://democracy.seoul.go.kr/front/freeSuggest/view.do?sn=191703,2021-11-18 16:00:31.0,2.0
191693.0,쓰레기통을 추가설치 건의,http://democracy.seoul.go.kr/front/freeSuggest/view.do?sn=191693,2021-11-16 00:06:16.0,6.0
191692.0,서울에 있는 큰 가게들에서 만큼은 주는 봉투를 땅에 묻으면 잘 분해되는 재질로 공급해주세요.,http://democracy.seoul.go.kr/front/freeSuggest/view.do?sn=191692,2021-11-16 00:00:27.0,5.0
191691.0,카페에서 텀블러 사용량을 늘려요,http://democracy.seoul.go.kr/front/freeSuggest/view.do?sn=191691,2021-11-15 23:28:21.0,1.0
191690.0,물받이가 있는 음식물쓰레기통,http://democracy.seoul.go.kr/front/freeSuggest/view.do?sn=191690,2021-11-15 23:20:33.0,3.0
191686.0,강변북로와 올림픽대교에 휴게소를 설치하면 어떨까요.,http://democracy.seoul.go.kr/front/freeSuggest/view.do?sn=191686,2021-11-15 14:52:10.0,5.0
191649.0,하나부터 독도알아가기 모임,http://democracy.seoul.go.kr/front/freeSuggest/view.do?sn=191649,2021-11-08 14:16:15.0,1.0
191643.0,마천2구역민간공공재개발요청,http://democracy.seoul.go.kr/front/freeSuggest/view.do?sn=191643,2021-11-07 17:27:03.0,1.0
191640.0,청소년 놀이공간을 동별로 하나씩 만들어주세요!,http://democracy.seoul.go.kr/front/freeSuggest/view.do?sn=191640,2021-11-07 00:00:25.0,1.0
191625.0,장애아 및 발달장애아를 위한 통합반 개선 바랍니다,http://democracy.seoul.go.kr/front/freeSuggest/view.do?sn=191625,2021-11-04 00:18:58.0,2.0
191623.0,상생국민지원금과 상생소비지원금 용어의 비슷함으로 인한 불편 해소,http://democracy.seoul.go.kr/front/freeSuggest/view.do?sn=191623,2021-11-03 20:39:09.0,1.0
191612.0,학교 밖 청소년을 위한 청소년 관련 센터 연계 및 진로 탐색 프로그램,http://democracy.seoul.go.kr/front/freeSuggest/view.do?sn=191612,2021-11-03 11:56:41.0,4.0
191606.0,2022년 6월부터 시행될 1회용 컵 보증금제를 개선된 방향으로 시행해 주세요!,http://democracy.seoul.go.kr/front/freeSuggest/view.do?sn=191606,2021-11-03 00:41:02.0,9.0
191601.0,페트병 라벨지를 없애주세요,http://democracy.seoul.go.kr/front/freeSuggest/view.do?sn=191601,2021-11-02 11:48:29.0,1.0
191595.0,봉제 도서관 (시민들이 참여할수있는 창작소 DDP 드림랩 재개장에 관해서,http://democracy.seoul.go.kr/front/freeSuggest/view.do?sn=191595,2021-11-01 12:52:33.0,2.0
191593.0,온서울 건강온에 신청지급하는 스마트밴드 외 일반 스마트워치도 참여할수 있기를,http://democracy.seoul.go.kr/front/freeSuggest/view.do?sn=191593,2021-11-01 11:41:13.0,1.0
191592.0,차일드존도 지켜주셔요,http://democracy.seoul.go.kr/front/freeSuggest/view.do?sn=191592,2021-11-01 02:33:56.0,2.0
191587.0,안전신문고 신고실적 기록유지 필요,http://democracy.seoul.go.kr/front/freeSuggest/view.do?sn=191587,2021-10-31 11:14:37.0,2.0
191579.0,저상버스와 지하철 엘레베이터 도입 등,http://democracy.seoul.go.kr/front/freeSuggest/view.do?sn=191579,2021-10-30 09:27:09.0,3.0
191577.0,엘리베이터 탈 때 장애인배려,http://democracy.seoul.go.kr/front/freeSuggest/view.do?sn=191577,2021-10-29 23:28:33.0,1.0
191576.0,"교통약자(장애인, 노인) 택시 요청 호출기(버튼) 설치 요청",http://democracy.seoul.go.kr/front/freeSuggest/view.do?sn=191576,2021-10-29 22:00:13.0,3.0
191574.0,휠체어장애인의 저상버스 이용의 어려움,http://democracy.seoul.go.kr/front/freeSuggest/view.do?sn=191574,2021-10-29 16:56:42.0,10.0
191572.0,임산부 뱃지에 관하여,http://democracy.seoul.go.kr/front/freeSuggest/view.do?sn=191572,2021-10-29 14:37:35.0,1.0
191571.0,시각장애인과 휠체어 장애인을 위한 대중교통 안내방송 확대,http://democracy.seoul.go.kr/front/freeSuggest/view.do?sn=191571,2021-10-29 14:30:28.0,1.0
191570.0,보조기기를 사용하는 장애인이 &#39;교통약자석&#39;을 이용할 수 있도록 편의 환경을 마련해주세요!,http://democracy.seoul.go.kr/front/freeSuggest/view.do?sn=191570,2021-10-29 14:29:11.0,2.0
191568.0,교통약자가 누구인지에 관한 인식 개선 캠페인이 필요하다,http://democracy.seoul.go.kr/front/freeSuggest/view.do?sn=191568,2021-10-29 11:05:34.0,1.0
191567.0,"교통약자(장애인, 임산부, 노인 등)가 공공 기관 및 시설물 등의 고층 엘리베이터를 기다리는 동안 잠시라도 착석 가능한 밴치 설치",http://democracy.seoul.go.kr/front/freeSuggest/view.do?sn=191567,2021-10-29 10:58:35.0,2.0
191566.0,버스정거장 휠체어 접근성,http://democracy.seoul.go.kr/front/freeSuggest/view.do?sn=191566,2021-10-29 10:52:34.0,1.0
191563.0,노상주차장과 거주자우선주차구역 구분,http://democracy.seoul.go.kr/front/freeSuggest/view.do?sn=191563,2021-10-29 09:21:58.0,5.0
191562.0,"지하철역사 출입구,버스정류장에 자전거,킥보드 주차 금지 구역 그림",http://democracy.seoul.go.kr/front/freeSuggest/view.do?sn=191562,2021-10-29 08:30:09.0,5.0
191558.0,안전신문고의 회신문도 반드시 조치 완료 사진 첨부 필요,http://democracy.seoul.go.kr/front/freeSuggest/view.do?sn=191558,2021-10-28 10:43:02.0,2.0
191557.0,제안(신고) 국민과 담당 공무원 개인정보 제공의 형평성 조정 필요,http://democracy.seoul.go.kr/front/freeSuggest/view.do?sn=191557,2021-10-28 10:41:19.0,2.0
191554.0,창2동준공업지역 재개발건의,http://democracy.seoul.go.kr/front/freeSuggest/view.do?sn=191554,2021-10-27 21:07:26.0,70.0
191547.0,인식개선 운동,http://democracy.seoul.go.kr/front/freeSuggest/view.do?sn=191547,2021-10-26 13:34:14.0,1.0
191545.0,정보격차 해소를 위해 정보교육을 활성화하고 적극적인 홍보를 해주세요,http://democracy.seoul.go.kr/front/freeSuggest/view.do?sn=191545,2021-10-26 09:05:57.0,5.0
191539.0,시각장애인의 버스 이용 환경 개선,http://democracy.seoul.go.kr/front/freeSuggest/view.do?sn=191539,2021-10-25 18:40:08.0,1.0
191536.0,전세사기 피해자이자 근생빌라 피해자입니다,http://democracy.seoul.go.kr/front/freeSuggest/view.do?sn=191536,2021-10-25 08:23:43.0,1.0
191509.0,목동선 선유고역 설치 요청드립니다!,http://democracy.seoul.go.kr/front/freeSuggest/view.do?sn=191509,2021-10-23 00:23:18.0,182.0
191502.0,김헌동 임명 반대,http://democracy.seoul.go.kr/front/freeSuggest/view.do?sn=191502,2021-10-22 11:23:56.0,4.0
191501.0,성동구치소 부지 개발 계획 원안 이행 촉구 (토지임대부주택 반대),http://democracy.seoul.go.kr/front/freeSuggest/view.do?sn=191501,2021-10-22 11:14:09.0,2.0
191500.0,김헌동 SH공사 사장 절대 반대!!!,http://democracy.seoul.go.kr/front/freeSuggest/view.do?sn=191500,2021-10-22 09:10:18.0,7.0
191499.0,성동구치소 3500억원 세금 유용을 막아 주세요,http://democracy.seoul.go.kr/front/freeSuggest/view.do?sn=191499,2021-10-22 09:04:20.0,3.0
191494.0,반포리체 삼풍아파트 아크로비스타 구간에 시내버스  신설등 해주세요,http://democracy.seoul.go.kr/front/freeSuggest/view.do?sn=191494,2021-10-20 19:50:20.0,1.0
191492.0,임산부 뱃지 악용 - 정책 보완 건의사항,http://democracy.seoul.go.kr/front/freeSuggest/view.do?sn=191492,2021-10-20 14:37:32.0,1.0
191487.0,실버세대의 안전 운전,http://democracy.seoul.go.kr/front/freeSuggest/view.do?sn=191487,2021-10-19 19:15:15.0,1.0
191485.0,아이스팩 수거,http://democracy.seoul.go.kr/front/freeSuggest/view.do?sn=191485,2021-10-19 16:23:37.0,1.0
191483.0,서울시 1인가구 도어지킴이 건의입니다.,http://democracy.seoul.go.kr/front/freeSuggest/view.do?sn=191483,2021-10-18 11:17:21.0,10.0
191482.0,관광명소 비콘 설치 제안,http://democracy.seoul.go.kr/front/freeSuggest/view.do?sn=191482,2021-10-18 09:37:07.0,5.0
191469.0,공공형 키즈카페,http://democracy.seoul.go.kr/front/freeSuggest/view.do?sn=191469,2021-10-14 11:16:00.0,93.0
191466.0,강동구 쓰레기소각장(자원회수시설) 검토건 철회 바랍니다.,http://democracy.seoul.go.kr/front/freeSuggest/view.do?sn=191466,2021-10-13 20:41:42.0,608.0
191462.0,341번 대원여객 kd 그룹 강남역구간 노선 환원 해주세요,http://democracy.seoul.go.kr/front/freeSuggest/view.do?sn=191462,2021-10-13 15:39:44.0,2.0
191461.0,실천이 중요합니다,http://democracy.seoul.go.kr/front/freeSuggest/view.do?sn=191461,2021-10-13 15:15:30.0,1.0
191454.0,남산 등산로 입구쪽 커피트럭 제안,http://democracy.seoul.go.kr/front/freeSuggest/view.do?sn=191454,2021-10-12 18:56:33.0,15.0
191453.0,한강 시민공원내 &#39;간이 자전거 정비&#39;소 운영 요청,http://democracy.seoul.go.kr/front/freeSuggest/view.do?sn=191453,2021-10-12 15:26:04.0,2.0
191450.0,남산 등산로 입구 커피트럭 존치를 제안합니다.,http://democracy.seoul.go.kr/front/freeSuggest/view.do?sn=191450,2021-10-12 10:13:28.0,19.0
191449.0,서울시장부터 영유아까지 물 사용량 약속하고 절약하기,http://democracy.seoul.go.kr/front/freeSuggest/view.do?sn=191449,2021-10-12 10:04:59.0,2.0
191448.0,‘서울사랑’에 시민들의 시 게재 필요,http://democracy.seoul.go.kr/front/freeSuggest/view.do?sn=191448,2021-10-12 09:53:41.0,2.0
191441.0,강동 소각로 건설 반대,http://democracy.seoul.go.kr/front/freeSuggest/view.do?sn=191441,2021-10-09 17:10:09.0,3.0
191435.0,응암동 경남아파트 재개발 구역 편입요청,http://democracy.seoul.go.kr/front/freeSuggest/view.do?sn=191435,2021-10-09 13:10:23.0,56.0
191431.0,지하철 버스 환승거리 멀다,http://democracy.seoul.go.kr/front/freeSuggest/view.do?sn=191431,2021-10-08 06:26:29.0,5.0
191430.0,소방법위반,http://democracy.seoul.go.kr/front/freeSuggest/view.do?sn=191430,2021-10-08 03:34:56.0,5.0
191429.0,홍은교~독립문 지하터널 건설 필요,http://democracy.seoul.go.kr/front/freeSuggest/view.do?sn=191429,2021-10-08 00:55:30.0,5.0
191415.0,"공유 전동킥보드, 해외 도시처럼 체계적으로 관리·감독 해주세요!!",http://democracy.seoul.go.kr/front/freeSuggest/view.do?sn=191415,2021-10-05 16:25:21.0,19.0
191412.0,환경을 고려한 디지털 교과서로의 전환,http://democracy.seoul.go.kr/front/freeSuggest/view.do?sn=191412,2021-10-05 11:49:17.0,1.0
191411.0,치매. 정신지체 장애인 실종예방,http://democracy.seoul.go.kr/front/freeSuggest/view.do?sn=191411,2021-10-05 11:38:33.0,1.0
191408.0,위안부 문제 등을 양심적으로 증언하는 일본인 지원 필요,http://democracy.seoul.go.kr/front/freeSuggest/view.do?sn=191408,2021-10-05 07:46:27.0,2.0
191407.0,"서울시청(구청, 동 포함) 전화번호에 문자 송수신이 가능하게 함",http://democracy.seoul.go.kr/front/freeSuggest/view.do?sn=191407,2021-10-04 19:01:28.0,2.0
191402.0,산림 보호로 일자리 창출 제안,http://democracy.seoul.go.kr/front/freeSuggest/view.do?sn=191402,2021-10-04 11:49:29.0,2.0
191399.0,친환경 포장용기 이용 가게에 인센티브 제공하고 서울시민들이 친환경포장용기를 이용하는 가게를 쉽게 알 수 있게 해주세요!,http://democracy.seoul.go.kr/front/freeSuggest/view.do?sn=191399,2021-10-02 15:24:43.0,21.0
191396.0,인간발전기 설치·운영,http://democracy.seoul.go.kr/front/freeSuggest/view.do?sn=191396,2021-10-02 11:09:01.0,2.0
191391.0,밀키트 과대포장을 규제해주세요,http://democracy.seoul.go.kr/front/freeSuggest/view.do?sn=191391,2021-10-01 19:10:14.0,1.0
191388.0,아동 청소년을 위한 방과후 활동과 돌봄을 위해 지역 공간 개방에 대한 개선방안 마련,http://democracy.seoul.go.kr/front/freeSuggest/view.do?sn=191388,2021-09-30 22:26:16.0,2.0
191385.0,준공업지역에 대한 과도한 용적율제한 규제를 풀어주세요,http://democracy.seoul.go.kr/front/freeSuggest/view.do?sn=191385,2021-09-30 20:04:16.0,6.0
191384.0,코로나 시대 발달장애청소년들의 교육공백 해소를 위한 방안 관련,http://democracy.seoul.go.kr/front/freeSuggest/view.do?sn=191384,2021-09-30 20:02:19.0,4.0
191380.0,코로나시대의 청각장애인 삶의 개선 방안,http://democracy.seoul.go.kr/front/freeSuggest/view.do?sn=191380,2021-09-30 15:27:10.0,2.0
191378.0,범죄에 직결되는 흡연문제 해결 필요,http://democracy.seoul.go.kr/front/freeSuggest/view.do?sn=191378,2021-09-30 12:21:56.0,7.0
191368.0,다중이용시설 통로는 우측보행 홍보 필요,http://democracy.seoul.go.kr/front/freeSuggest/view.do?sn=191368,2021-09-29 11:23:12.0,2.0
191367.0,보행 약자를 위한 인도 확보 방안,http://democracy.seoul.go.kr/front/freeSuggest/view.do?sn=191367,2021-09-29 11:21:01.0,2.0
191365.0,정책분류보기에 교육이라는 카테고리,http://democracy.seoul.go.kr/front/freeSuggest/view.do?sn=191365,2021-09-29 02:07:10.0,1.0
191364.0,시내버스 몰림운행 기사 과태료 부과해주세요,http://democracy.seoul.go.kr/front/freeSuggest/view.do?sn=191364,2021-09-29 01:36:18.0,8.0
191362.0,쓰레기통을 많이 배치해주세요,http://democracy.seoul.go.kr/front/freeSuggest/view.do?sn=191362,2021-09-28 17:52:48.0,1.0
191360.0,중증장애인의 코로나로 인한 외부활동 제한에 따른 대체 활동방안 모색,http://democracy.seoul.go.kr/front/freeSuggest/view.do?sn=191360,2021-09-28 15:07:27.0,2.0
191359.0,렌탈바우처 제도 개선,http://democracy.seoul.go.kr/front/freeSuggest/view.do?sn=191359,2021-09-28 15:00:25.0,1.0
191356.0,황토길 만들어 주세요,http://democracy.seoul.go.kr/front/freeSuggest/view.do?sn=191356,2021-09-28 10:30:35.0,5.0
191347.0,서울시도 국민지원금 전액 지급을 검토해야합니다.,http://democracy.seoul.go.kr/front/freeSuggest/view.do?sn=191347,2021-09-27 16:08:52.0,1.0
191332.0,세계 각 국의 관광객이 서울역으로지나가면서  서계동 지역을 보았을때,http://democracy.seoul.go.kr/front/freeSuggest/view.do?sn=191332,2021-09-24 20:03:25.0,11.0
191329.0,서울시의 신속통합기획에 &#34;서계동 구 개선지구&#34;가 포함된 전체가 통합재개발 될 수 있도록 제안드립니다,http://democracy.seoul.go.kr/front/freeSuggest/view.do?sn=191329,2021-09-24 18:21:55.0,123.0
191324.0,12% 국민지원금국서울시에서 지급검토 요청,http://democracy.seoul.go.kr/front/freeSuggest/view.do?sn=191324,2021-09-24 18:08:27.0,2.0
191322.0,양천구 신월1동 공공재개발 지정해 주시기 바랍니다.,http://democracy.seoul.go.kr/front/freeSuggest/view.do?sn=191322,2021-09-24 15:30:23.0,1.0
191320.0,옛 성동구치소 공공기여부지 활용방안 제안,http://democracy.seoul.go.kr/front/freeSuggest/view.do?sn=191320,2021-09-24 15:03:17.0,1.0
191318.0,회차로 개설,http://democracy.seoul.go.kr/front/freeSuggest/view.do?sn=191318,2021-09-24 12:04:41.0,5.0
191307.0,집으로 오는 치료서비스,http://democracy.seoul.go.kr/front/freeSuggest/view.do?sn=191307,2021-09-23 13:34:36.0,2.0
191302.0,"‘어린이 대공원’ 3.5Km 순환도로 등 주요 보행로의 시멘트, 벽돌, 아스팔트 포장을 걷어내고 흙길(황톳길)로 조성하여, 어린이들은 물론 서울시민들의 건강한 산책로 및 놀이터로 승화시켜 주십시오",http://democracy.seoul.go.kr/front/freeSuggest/view.do?sn=191302,2021-09-23 07:55:34.0,100.0
191301.0,재난지원금 공평한 지급과 공평한 세금 부과,http://democracy.seoul.go.kr/front/freeSuggest/view.do?sn=191301,2021-09-23 01:17:27.0,3.0
191289.0,해치 캐릭터를 상품화 해주세요,http://democracy.seoul.go.kr/front/freeSuggest/view.do?sn=191289,2021-09-20 23:56:16.0,3.0
191285.0,서울시가 진행하는 '용기내 챌린지',http://democracy.seoul.go.kr/front/freeSuggest/view.do?sn=191285,2021-09-20 16:44:08.0,2.0
191281.0,서울시장에게 바랍니다. 재난지원금 서울시민 전원에게 지급해 주세요,http://democracy.seoul.go.kr/front/freeSuggest/view.do?sn=191281,2021-09-19 10:57:35.0,2.0
191279.0,순환자원 회수로봇 설치를 확대해주세요!,http://democracy.seoul.go.kr/front/freeSuggest/view.do?sn=191279,2021-09-19 01:12:50.0,1.0
